[  +22 ms] Artifact Instance of 'MaterialFonts' is not required, skipping update.
[        ] Artifact Instance of 'GradleWrapper' is not required, skipping update.
[        ] Artifact Instance of 'AndroidGenSnapshotArtifacts' is not required, skipping update.
[        ] Artifact Instance of 'AndroidInternalBuildArtifacts' is not required, skipping update.
[        ] Artifact Instance of 'IOSEngineArtifacts' is not required, skipping update.
[        ] Artifact Instance of 'FlutterWebSdk' is not required, skipping update.
[        ] Artifact Instance of 'LegacyCanvasKitRemover' is not required, skipping update.
[        ] Artifact Instance of 'FlutterSdk' is not required, skipping update.
[        ] Artifact Instance of 'WindowsEngineArtifacts' is not required, skipping update.
[        ] Artifact Instance of 'MacOSEngineArtifacts' is not required, skipping update.
[        ] Artifact Instance of 'LinuxEngineArtifacts' is not required, skipping update.
[        ] Artifact Instance of 'LinuxFuchsiaSDKArtifacts' is not required, skipping update.
[        ] Artifact Instance of 'MacOSFuchsiaSDKArtifacts' is not required, skipping update.
[        ] Artifact Instance of 'FlutterRunnerSDKArtifacts' is not required, skipping update.
[        ] Artifact Instance of 'FlutterRunnerDebugSymbols' is not required, skipping update.
[        ] Artifact Instance of 'IosUsbArtifacts' is not required, skipping update.
[        ] Artifact Instance of 'IosUsbArtifacts' is not required, skipping update.
[        ] Artifact Instance of 'IosUsbArtifacts' is not required, skipping update.
[        ] Artifact Instance of 'IosUsbArtifacts' is not required, skipping update.
[        ] Artifact Instance of 'IosUsbArtifacts' is not required, skipping update.
[        ] Artifact Instance of 'IosUsbArtifacts' is not required, skipping update.
[        ] Artifact Instance of 'FontSubsetArtifacts' is not required, skipping update.
[        ] Artifact Instance of 'PubDependencies' is not required, skipping update.
[   +9 ms] Artifact Instance of 'AndroidGenSnapshotArtifacts' is not required, skipping update.
[        ] Artifact Instance of 'AndroidInternalBuildArtifacts' is not required, skipping update.
[        ] Artifact Instance of 'IOSEngineArtifacts' is not required, skipping update.
[        ] Artifact Instance of 'FlutterWebSdk' is not required, skipping update.
[        ] Artifact Instance of 'FlutterEngineStamp' is not required, skipping update.
[        ] Artifact Instance of 'LegacyCanvasKitRemover' is not required, skipping update.
[   +1 ms] Artifact Instance of 'WindowsEngineArtifacts' is not required, skipping update.
[        ] Artifact Instance of 'MacOSEngineArtifacts' is not required, skipping update.
[        ] Artifact Instance of 'LinuxEngineArtifacts' is not required, skipping update.
[        ] Artifact Instance of 'LinuxFuchsiaSDKArtifacts' is not required, skipping update.
[        ] Artifact Instance of 'MacOSFuchsiaSDKArtifacts' is not required, skipping update.
[        ] Artifact Instance of 'FlutterRunnerSDKArtifacts' is not required, skipping update.
[        ] Artifact Instance of 'FlutterRunnerDebugSymbols' is not required, skipping update.
[  +30 ms] Artifact Instance of 'MaterialFonts' is not required, skipping update.
[        ] Artifact Instance of 'GradleWrapper' is not required, skipping update.
[   +1 ms] Artifact Instance of 'AndroidInternalBuildArtifacts' is not required, skipping update.
[        ] Artifact Instance of 'IOSEngineArtifacts' is not required, skipping update.
[        ] Artifact Instance of 'FlutterWebSdk' is not required, skipping update.
[        ] Artifact Instance of 'FlutterEngineStamp' is not required, skipping update.
[        ] Artifact Instance of 'LegacyCanvasKitRemover' is not required, skipping update.
[        ] Artifact Instance of 'FlutterSdk' is not required, skipping update.
[        ] Artifact Instance of 'WindowsEngineArtifacts' is not required, skipping update.
[        ] Artifact Instance of 'MacOSEngineArtifacts' is not required, skipping update.
[        ] Artifact Instance of 'LinuxEngineArtifacts' is not required, skipping update.
[        ] Artifact Instance of 'LinuxFuchsiaSDKArtifacts' is not required, skipping update.
[        ] Artifact Instance of 'MacOSFuchsiaSDKArtifacts' is not required, skipping update.
[        ] Artifact Instance of 'FlutterRunnerSDKArtifacts' is not required, skipping update.
[        ] Artifact Instance of 'FlutterRunnerDebugSymbols' is not required, skipping update.
[        ] Artifact Instance of 'IosUsbArtifacts' is not required, skipping update.
[        ] Artifact Instance of 'IosUsbArtifacts' is not required, skipping update.
[        ] Artifact Instance of 'IosUsbArtifacts' is not required, skipping update.
[        ] Artifact Instance of 'IosUsbArtifacts' is not required, skipping update.
[        ] Artifact Instance of 'IosUsbArtifacts' is not required, skipping update.
[        ] Artifact Instance of 'IosUsbArtifacts' is not required, skipping update.
[        ] Artifact Instance of 'FontSubsetArtifacts' is not required, skipping update.
[        ] Artifact Instance of 'PubDependencies' is not required, skipping update.
[  +60 ms] Skipping pub get: version match.
[  +81 ms] Found plugin shared_preferences at /home/runner/.pub-cache/hosted/pub.dev/shared_preferences-2.5.5/
[   +6 ms] Found plugin shared_preferences_windows at /home/runner/.pub-cache/hosted/pub.dev/shared_preferences_windows-2.4.1/
[   +5 ms] Found plugin path_provider_windows at /home/runner/.pub-cache/hosted/pub.dev/path_provider_windows-2.3.0/
[   +4 ms] Found plugin shared_preferences_web at /home/runner/.pub-cache/hosted/pub.dev/shared_preferences_web-2.4.3/
[   +3 ms] Found plugin shared_preferences_linux at /home/runner/.pub-cache/hosted/pub.dev/shared_preferences_linux-2.4.1/
[   +1 ms] Found plugin path_provider_linux at /home/runner/.pub-cache/hosted/pub.dev/path_provider_linux-2.2.2/
[   +2 ms] Found plugin shared_preferences_foundation at /home/runner/.pub-cache/hosted/pub.dev/shared_preferences_foundation-2.5.6/
[   +2 ms] Found plugin shared_preferences_android at /home/runner/.pub-cache/hosted/pub.dev/shared_preferences_android-2.4.27/
[   +3 ms] Found plugin share_plus at /home/runner/.pub-cache/hosted/pub.dev/share_plus-10.1.4/
[   +3 ms] Found plugin url_launcher_windows at /home/runner/.pub-cache/hosted/pub.dev/url_launcher_windows-3.1.5/
[   +2 ms] Found plugin url_launcher_web at /home/runner/.pub-cache/hosted/pub.dev/url_launcher_web-2.4.3/
[   +1 ms] Found plugin url_launcher_linux at /home/runner/.pub-cache/hosted/pub.dev/url_launcher_linux-3.2.2/
[   +6 ms] Found plugin path_provider at /home/runner/.pub-cache/hosted/pub.dev/path_provider-2.1.6/
[   +1 ms] Found plugin path_provider_foundation at /home/runner/.pub-cache/hosted/pub.dev/path_provider_foundation-2.6.0/
[   +6 ms] Found plugin path_provider_android at /home/runner/.pub-cache/hosted/pub.dev/path_provider_android-2.3.1/
[   +1 ms] Found plugin jni_flutter at /home/runner/.pub-cache/hosted/pub.dev/jni_flutter-1.0.2/
[   +1 ms] Found plugin jni at /home/runner/.pub-cache/hosted/pub.dev/jni-1.0.3/
[   +4 ms] Found plugin google_mobile_ads at /home/runner/.pub-cache/hosted/pub.dev/google_mobile_ads-5.3.1/
[   +1 ms] Found plugin webview_flutter_wkwebview at /home/runner/.pub-cache/hosted/pub.dev/webview_flutter_wkwebview-3.26.0/
[   +1 ms] Found plugin webview_flutter_android at /home/runner/.pub-cache/hosted/pub.dev/webview_flutter_android-4.14.0/
[        ] Found plugin webview_flutter at /home/runner/.pub-cache/hosted/pub.dev/webview_flutter-4.14.1/
[  +55 ms] Found plugin shared_preferences at /home/runner/.pub-cache/hosted/pub.dev/shared_preferences-2.5.5/
[   +1 ms] Found plugin shared_preferences_windows at /home/runner/.pub-cache/hosted/pub.dev/shared_preferences_windows-2.4.1/
[   +2 ms] Found plugin path_provider_windows at /home/runner/.pub-cache/hosted/pub.dev/path_provider_windows-2.3.0/
[   +3 ms] Found plugin shared_preferences_web at /home/runner/.pub-cache/hosted/pub.dev/shared_preferences_web-2.4.3/
[   +1 ms] Found plugin shared_preferences_linux at /home/runner/.pub-cache/hosted/pub.dev/shared_preferences_linux-2.4.1/
[        ] Found plugin path_provider_linux at /home/runner/.pub-cache/hosted/pub.dev/path_provider_linux-2.2.2/
[   +1 ms] Found plugin shared_preferences_foundation at /home/runner/.pub-cache/hosted/pub.dev/shared_preferences_foundation-2.5.6/
[        ] Found plugin shared_preferences_android at /home/runner/.pub-cache/hosted/pub.dev/shared_preferences_android-2.4.27/
[   +1 ms] Found plugin share_plus at /home/runner/.pub-cache/hosted/pub.dev/share_plus-10.1.4/
[   +1 ms] Found plugin url_launcher_windows at /home/runner/.pub-cache/hosted/pub.dev/url_launcher_windows-3.1.5/
[   +1 ms] Found plugin url_launcher_web at /home/runner/.pub-cache/hosted/pub.dev/url_launcher_web-2.4.3/
[        ] Found plugin url_launcher_linux at /home/runner/.pub-cache/hosted/pub.dev/url_launcher_linux-3.2.2/
[   +3 ms] Found plugin path_provider at /home/runner/.pub-cache/hosted/pub.dev/path_provider-2.1.6/
[        ] Found plugin path_provider_foundation at /home/runner/.pub-cache/hosted/pub.dev/path_provider_foundation-2.6.0/
[   +4 ms] Found plugin path_provider_android at /home/runner/.pub-cache/hosted/pub.dev/path_provider_android-2.3.1/
[        ] Found plugin jni_flutter at /home/runner/.pub-cache/hosted/pub.dev/jni_flutter-1.0.2/
[        ] Found plugin jni at /home/runner/.pub-cache/hosted/pub.dev/jni-1.0.3/
[   +3 ms] Found plugin google_mobile_ads at /home/runner/.pub-cache/hosted/pub.dev/google_mobile_ads-5.3.1/
[        ] Found plugin webview_flutter_wkwebview at /home/runner/.pub-cache/hosted/pub.dev/webview_flutter_wkwebview-3.26.0/
[   +2 ms] Found plugin webview_flutter_android at /home/runner/.pub-cache/hosted/pub.dev/webview_flutter_android-4.14.0/
[        ] Found plugin webview_flutter at /home/runner/.pub-cache/hosted/pub.dev/webview_flutter-4.14.1/
[   +9 ms] Generating /home/runner/work/saikumarEduTech/saikumarEduTech/android/app/src/main/java/io/flutter/plugins/GeneratedPluginRegistrant.java
[   +9 ms] Skipping generating GeneratedPluginRegistrant.java because it is up-to-date.
[  +30 ms] Android Studio version could not be detected, skipping Gradle-Java version compatibility check.
[        ] Migrating build.gradle contents
[        ] Upgrading build.gradle
[        ] CMake project not found, skipping support Android 15 16k page size migration.
[        ] Migrating to disable Built-in Kotlin by default.
[        ] Migrating gradle.properties contents
[        ] Upgrading gradle.properties
[   +1 ms] Migrating to disable new DSL by default.
[        ] Migrating gradle.properties contents
[        ] Upgrading gradle.properties
[   +8 ms] Using gradle from /home/runner/work/saikumarEduTech/saikumarEduTech/android/gradlew.
[  +36 ms] LocalFile: '/home/runner/work/saikumarEduTech/saikumarEduTech/android/build.gradle' doesn't provide an AGP version. Checking settings.
[        ] LocalFile: '/home/runner/work/saikumarEduTech/saikumarEduTech/android/settings.gradle' provides AGP version: 8.6.0
[        ] Running Gradle task 'assembleRelease'...
[   +1 ms] executing: [/home/runner/work/saikumarEduTech/saikumarEduTech/android/] /home/runner/work/saikumarEduTech/saikumarEduTech/android/gradlew --full-stacktrace --info -Pverbose=true -Ptarget-platform=android-arm,android-arm64,android-x64 -Ptarget=lib/main.dart -Pbase-application-name=android.app.Application -Pdart-defines=RkxVVFRFUl9CVUlMRF9OQU1FPTEuMC4w,RkxVVFRFUl9CVUlMRF9OVU1CRVI9Mg==,RkxVVFRFUl9WRVJTSU9OPTMuNDcuMA==,RkxVVFRFUl9DSEFOTkVMPXN0YWJsZQ==,RkxVVFRFUl9HSVRfVVJMPWh0dHBzOi8vZ2l0aHViLmNvbS9mbHV0dGVyL2ZsdXR0ZXIuZ2l0,RkxVVFRFUl9GUkFNRVdPUktfUkVWSVNJT049NGNmMjQxNjQyNg==,RkxVVFRFUl9FTkdJTkVfUkVWSVNJT049NWY3NzYyNTY3Mw==,RkxVVFRFUl9EQVJUX1ZFUlNJT049My4xMy4w -Pdart-obfuscation=false -Ptrack-widget-creation=true -Ptree-shake-icons=true -Pflutter.androidSdkRoot=/usr/local/lib/android/sdk -Pflutter.installedNdkVersions=27.3.13750724,28.2.13676358,29.0.14206865 -Pflutter.sdkManagerPath=/usr/local/lib/android/sdk/cmdline-tools/latest/bin/sdkmanager assembleRelease
[+1252 ms] Downloading https://services.gradle.org/distributions/gradle-8.7-all.zip
[+2803 ms] .....................................................................................................................................................................................................................................................................................................................................................................................................................................................................................................................................................................................................................................................................................................................................................................................................................................................................................................................................................................................................................................................................................................................................................................................................................................................................................................................................................................................................................................................................................................................................................................................................................................................................................................................................................................................................................................................................................................................................................................................................................................................................................................................................................................................................................................................................................................................................................................................................................................................................................................................................................................................................................................................................................................................................................................................................................................................................................................................................................................................................................................................................................................................................................................................................................................................................................................................................................................................................................................................................................................................................................................................................................................................................................................................................................................................................................................................................................................................................................................................................................................................................................................................................................................................................................................................................................................................................................................................................................................................................................................................................................................................................................................................................................................................................................................................................................................................................................................................................................................................................................................................................................................................................................................................................................................................................................................................................................................................................................................................................................................................................................................................................................................................................................................................................................................................................................................................................................................................................................................................................................................................................................................................................................................................................................................................................................................................................................................................................................................................................................................................................................................................................................................................................................................................................................................................................................................................................................................................................................................................................................................................................................................................................................................................................................................................................................................................................................................................................................................................................................................................................................................................................................................................................................................................................................................................................................................................................................................................................................................................................................................................................................................................................................................................................................................................................................................................................................................................................................................................................................................................................................................................................................................................................................................................................................................................................................................................................................................................................................................................................................................................................................................................................................................................................................................................................................................................................................................................................................................................................................................................................................................................................................................................................................................................................................................................................................................................................................................................................................................................................................................................................................................................................................................................................................................................................................................................................................................................................................................................................................................................................................................................................................................................................................................................................................................................................................................................................................................................................................................................................................................................................................................................................................................................................................................................................................................................................................................................................................................................................................................................................................................................................................................................................................
[        ] Unzipping /home/runner/.gradle/wrapper/dists/gradle-8.7-all/aan3ydargesu18aqyqjwhr3pc/gradle-8.7-all.zip to /home/runner/.gradle/wrapper/dists/gradle-8.7-all/aan3ydargesu18aqyqjwhr3pc
[+2840 ms] Set executable permissions for: /home/runner/.gradle/wrapper/dists/gradle-8.7-all/aan3ydargesu18aqyqjwhr3pc/gradle-8.7/bin/gradle
[ +303 ms] Initialized native services in: /home/runner/.gradle/native
[   +9 ms] Initialized jansi services in: /home/runner/.gradle/native
[ +125 ms] Welcome to Gradle 8.7!
[        ] Here are the highlights of this release:
[        ]  - Compiling and testing with Java 22
[        ]  - Cacheable Groovy script compilation
[        ]  - New methods in lazy collection properties
[        ] For more details see https://docs.gradle.org/8.7/release-notes.html
[        ] Received JVM installation metadata from '/usr/lib/jvm/temurin-17-jdk-amd64': {JAVA_HOME=/usr/lib/jvm/temurin-17-jdk-amd64, JAVA_VERSION=17.0.20, JAVA_VENDOR=Eclipse Adoptium, RUNTIME_NAME=OpenJDK Runtime Environment, RUNTIME_VERSION=17.0.20+8, VM_NAME=OpenJDK 64-Bit Server VM, VM_VERSION=17.0.20+8, VM_VENDOR=Eclipse Adoptium, OS_ARCH=amd64}
[ +197 ms] Removing 0 daemon stop events from registry
[        ] Starting a Gradle Daemon (subsequent builds will be faster)
[ +100 ms] Starting process 'Gradle build daemon'. Working directory: /home/runner/.gradle/daemon/8.7 Command: /usr/lib/jvm/temurin-17-jdk-amd64/bin/java -XX:+UseParallelGC --add-opens=java.base/java.util=ALL-UNNAMED --add-opens=java.base/java.lang=ALL-UNNAMED --add-opens=java.base/java.lang.invoke=ALL-UNNAMED --add-opens=java.prefs/java.util.prefs=ALL-UNNAMED --add-opens=java.base/java.nio.charset=ALL-UNNAMED --add-opens=java.base/java.net=ALL-UNNAMED --add-opens=java.base/java.util.concurrent.atomic=ALL-UNNAMED -Xmx4G -Dfile.encoding=UTF-8 -Duser.country -Duser.language=en -Duser.variant -cp /home/runner/.gradle/wrapper/dists/gradle-8.7-all/aan3ydargesu18aqyqjwhr3pc/gradle-8.7/lib/gradle-launcher-8.7.jar -javaagent:/home/runner/.gradle/wrapper/dists/gradle-8.7-all/aan3ydargesu18aqyqjwhr3pc/gradle-8.7/lib/agents/gradle-instrumentation-agent-8.7.jar org.gradle.launcher.daemon.bootstrap.GradleDaemon 8.7
[        ] Successfully started process 'Gradle build daemon'
[+1099 ms] An attempt to start the daemon took 1.105 secs.
[        ] The client will now receive all logging from the daemon (pid: 2808). The daemon log file: /home/runner/.gradle/daemon/8.7/daemon-2808.out.log
[        ] Starting build in new daemon [memory: 3.5 GiB]
[ +399 ms] Using 4 worker leases.
[ +200 ms] Received JVM installation metadata from '/usr/lib/jvm/temurin-17-jdk-amd64': {JAVA_HOME=/usr/lib/jvm/temurin-17-jdk-amd64, JAVA_VERSION=17.0.20, JAVA_VENDOR=Eclipse Adoptium, RUNTIME_NAME=OpenJDK Runtime Environment, RUNTIME_VERSION=17.0.20+8, VM_NAME=OpenJDK 64-Bit Server VM, VM_VERSION=17.0.20+8, VM_VENDOR=Eclipse Adoptium, OS_ARCH=amd64}
[ +299 ms] Watching the file system is configured to be enabled if available
[        ] Now considering [/home/runner/work/saikumarEduTech/saikumarEduTech/android] as hierarchies to watch
[        ] File system watching is active
[ +999 ms] Starting Build
[ +100 ms] Caching disabled for Groovy DSL script compilation (cp_settings) because:
[        ]   Build cache is disabled
[        ] Compiling settings file '/home/runner/work/saikumarEduTech/saikumarEduTech/android/settings.gradle' using SubsetScriptTransformer.
[+1099 ms] Now considering [/opt/hostedtoolcache/flutter/stable-3.47.0-x64/flutter/packages/flutter_tools/gradle, /home/runner/work/saikumarEduTech/saikumarEduTech/android] as hierarchies to watch
[ +100 ms] Generating /home/runner/.gradle/caches/8.7/generated-gradle-jars/gradle-api-8.7.jar
[+8105 ms] Cannot use Kotlin build script compile avoidance with /home/runner/.gradle/caches/8.7/generated-gradle-jars/gradle-api-8.7.jar: class org/gradle/configurationcache/extensions/AutoCloseableExtensionsKt: inline fun useToRun(): compile avoidance is not supported with public inline functions
[+1493 ms] Cannot use Kotlin build script compile avoidance with /home/runner/.gradle/wrapper/dists/gradle-8.7-all/aan3ydargesu18aqyqjwhr3pc/gradle-8.7/lib/gradle-kotlin-dsl-extensions-8.7.jar: class org/gradle/kotlin/dsl/GradleApiKotlinDslExtensions_1cbh1oqkvm762j10e96dawuh5Kt: inline fun domainObjectContainer(): compile avoidance is not supported with public inline functions
[ +100 ms] Cannot use Kotlin build script compile avoidance with /home/runner/.gradle/wrapper/dists/gradle-8.7-all/aan3ydargesu18aqyqjwhr3pc/gradle-8.7/lib/gradle-kotlin-dsl-8.7.jar: class org/gradle/kotlin/dsl/ArtifactHandlerScope: inline fun invoke(): compile avoidance is not supported with public inline functions
[        ] Caching disabled for Kotlin DSL script compilation (Settings/TopLevel/stage1) because:
[        ]   Build cache is disabled
[+6000 ms] > Configure project :gradle
[        ] Evaluating project ':gradle' using build file '/opt/hostedtoolcache/flutter/stable-3.47.0-x64/flutter/packages/flutter_tools/gradle/build.gradle.kts'.
[        ] Caching disabled for Kotlin DSL plugin specs accessors for classpath '82981b77b21d05a902552adeb5fc8e48' because:
[        ]   Build cache is disabled
[        ] Caching disabled for Kotlin DSL script compilation (Project/TopLevel/stage1) because:
[        ]   Build cache is disabled
[        ] Downloading https://plugins.gradle.org/m2/org/gradle/kotlin/kotlin-dsl/org.gradle.kotlin.kotlin-dsl.gradle.plugin/4.3.0/org.gradle.kotlin.kotlin-dsl.gradle.plugin-4.3.0.pom to /home/runner/.gradle/.tmp/gradle_download8831603328218423454bin
[        ] Resource missing. [HTTP HEAD: https://plugins.gradle.org/m2/org/gradle/kotlin/kotlin-dsl/org.gradle.kotlin.kotlin-dsl.gradle.plugin/4.3.0/org.gradle.kotlin.kotlin-dsl.gradle.plugin-4.3.0.jar]
[ +197 ms] Downloading https://plugins.gradle.org/m2/org/jetbrains/kotlin/jvm/org.jetbrains.kotlin.jvm.gradle.plugin/2.2.20/org.jetbrains.kotlin.jvm.gradle.plugin-2.2.20.pom to /home/runner/.gradle/.tmp/gradle_download8226675324312573211bin
[ +199 ms] Resource missing. [HTTP HEAD: https://plugins.gradle.org/m2/org/jetbrains/kotlin/jvm/org.jetbrains.kotlin.jvm.gradle.plugin/2.2.20/org.jetbrains.kotlin.jvm.gradle.plugin-2.2.20.jar]
[  +99 ms] Downloading https://plugins.gradle.org/m2/org/gradle/kotlin/gradle-kotlin-dsl-plugins/4.3.0/gradle-kotlin-dsl-plugins-4.3.0.pom to /home/runner/.gradle/.tmp/gradle_download17730276930341096563bin
[ +100 ms] Downloading https://plugins.gradle.org/m2/org/gradle/kotlin/gradle-kotlin-dsl-plugins/4.3.0/gradle-kotlin-dsl-plugins-4.3.0.module to /home/runner/.gradle/.tmp/gradle_download18350000501514012928bin
[        ] Downloading https://plugins.gradle.org/m2/org/jetbrains/kotlin/kotlin-gradle-plugin/2.2.20/kotlin-gradle-plugin-2.2.20.pom to /home/runner/.gradle/.tmp/gradle_download18312262864340421735bin
[ +299 ms] Downloading https://plugins.gradle.org/m2/org/jetbrains/kotlin/kotlin-gradle-plugins-bom/2.2.20/kotlin-gradle-plugins-bom-2.2.20.pom to /home/runner/.gradle/.tmp/gradle_download6505251270247970822bin
[ +100 ms] Downloading https://plugins.gradle.org/m2/org/jetbrains/kotlin/kotlin-gradle-plugins-bom/2.2.20/kotlin-gradle-plugins-bom-2.2.20.module to /home/runner/.gradle/.tmp/gradle_download3431195239475305031bin
[        ] Downloading https://plugins.gradle.org/m2/org/jetbrains/kotlin/kotlin-gradle-plugin/2.2.20/kotlin-gradle-plugin-2.2.20.module to /home/runner/.gradle/.tmp/gradle_download7520398057679908491bin
[  +99 ms] Downloading https://plugins.gradle.org/m2/org/jetbrains/kotlin/kotlin-sam-with-receiver/1.9.22/kotlin-sam-with-receiver-1.9.22.pom to /home/runner/.gradle/.tmp/gradle_download16304331929402140899bin
[  +99 ms] Downloading https://plugins.gradle.org/m2/org/jetbrains/kotlin/kotlin-assignment/1.9.22/kotlin-assignment-1.9.22.pom to /home/runner/.gradle/.tmp/gradle_download13096891594239900476bin
[        ] Downloading https://plugins.gradle.org/m2/org/jetbrains/kotlin/kotlin-gradle-plugins-bom/1.9.22/kotlin-gradle-plugins-bom-1.9.22.pom to /home/runner/.gradle/.tmp/gradle_download1313502216125634713bin
[        ] Downloading https://plugins.gradle.org/m2/org/jetbrains/kotlin/kotlin-gradle-plugins-bom/1.9.22/kotlin-gradle-plugins-bom-1.9.22.module to /home/runner/.gradle/.tmp/gradle_download6297838594806694156bin
[  +99 ms] Downloading https://plugins.gradle.org/m2/org/jetbrains/kotlin/kotlin-sam-with-receiver/1.9.22/kotlin-sam-with-receiver-1.9.22.module to /home/runner/.gradle/.tmp/gradle_download9937094258014471339bin
[        ] Downloading https://plugins.gradle.org/m2/org/jetbrains/kotlin/kotlin-assignment/1.9.22/kotlin-assignment-1.9.22.module to /home/runner/.gradle/.tmp/gradle_download16974558868480022286bin
[  +99 ms] Downloading https://plugins.gradle.org/m2/org/jetbrains/kotlin/kotlin-stdlib/1.9.22/kotlin-stdlib-1.9.22.pom to /home/runner/.gradle/.tmp/gradle_download5570013249415714221bin
[        ] Downloading https://plugins.gradle.org/m2/org/jetbrains/kotlin/kotlin-stdlib/1.9.22/kotlin-stdlib-1.9.22.module to /home/runner/.gradle/.tmp/gradle_download8328746809820705557bin
[ +102 ms] Downloading https://plugins.gradle.org/m2/org/jetbrains/kotlin/kotlin-gradle-plugin-idea/2.2.20/kotlin-gradle-plugin-idea-2.2.20.pom to /home/runner/.gradle/.tmp/gradle_download8156334437454390464bin
[        ] Downloading https://plugins.gradle.org/m2/org/jetbrains/kotlin/kotlin-klib-commonizer-api/2.2.20/kotlin-klib-commonizer-api-2.2.20.pom to /home/runner/.gradle/.tmp/gradle_download5653035412536841006bin
[        ] Downloading https://plugins.gradle.org/m2/org/jetbrains/kotlin/kotlin-gradle-plugin-idea-proto/2.2.20/kotlin-gradle-plugin-idea-proto-2.2.20.pom to /home/runner/.gradle/.tmp/gradle_download4570989474155462041bin
[        ] Downloading https://plugins.gradle.org/m2/org/jetbrains/kotlin/kotlin-gradle-plugin-idea/2.2.20/kotlin-gradle-plugin-idea-2.2.20.module to /home/runner/.gradle/.tmp/gradle_download8496797074614160661bin
[        ] Downloading https://plugins.gradle.org/m2/org/jetbrains/kotlin/kotlin-build-statistics/2.2.20/kotlin-build-statistics-2.2.20.pom to /home/runner/.gradle/.tmp/gradle_download14537485309600853026bin
[        ] Downloading https://plugins.gradle.org/m2/org/jetbrains/kotlin/kotlin-gradle-plugin-api/2.2.20/kotlin-gradle-plugin-api-2.2.20.pom to /home/runner/.gradle/.tmp/gradle_download2574721862707687603bin
[        ] Downloading https://plugins.gradle.org/m2/org/jetbrains/kotlin/abi-tools-api/2.2.20/abi-tools-api-2.2.20.pom to /home/runner/.gradle/.tmp/gradle_download2426631108922198631bin
[  +98 ms] Downloading https://plugins.gradle.org/m2/org/jetbrains/kotlin/kotlin-gradle-plugin-model/2.2.20/kotlin-gradle-plugin-model-2.2.20.pom to /home/runner/.gradle/.tmp/gradle_download5853846415918880741bin
[        ] Downloading https://plugins.gradle.org/m2/org/jetbrains/kotlin/kotlin-util-klib-metadata/2.2.20/kotlin-util-klib-metadata-2.2.20.pom to /home/runner/.gradle/.tmp/gradle_download17290371432270442965bin
[        ] Downloading https://plugins.gradle.org/m2/org/jetbrains/kotlin/fus-statistics-gradle-plugin/2.2.20/fus-statistics-gradle-plugin-2.2.20.pom to /home/runner/.gradle/.tmp/gradle_download6472014582169450993bin
[        ] Downloading https://plugins.gradle.org/m2/org/jetbrains/kotlin/kotlin-compiler-runner/2.2.20/kotlin-compiler-runner-2.2.20.pom to /home/runner/.gradle/.tmp/gradle_download2323971727358762150bin
[        ] Downloading https://plugins.gradle.org/m2/org/jetbrains/kotlin/kotlin-gradle-plugin-api/2.2.20/kotlin-gradle-plugin-api-2.2.20.module to /home/runner/.gradle/.tmp/gradle_download11447045965631746540bin
[        ] Downloading https://plugins.gradle.org/m2/org/jetbrains/kotlin/kotlin-gradle-plugin-model/2.2.20/kotlin-gradle-plugin-model-2.2.20.module to /home/runner/.gradle/.tmp/gradle_download2082213362619732518bin
[        ] Downloading https://plugins.gradle.org/m2/org/jetbrains/kotlin/fus-statistics-gradle-plugin/2.2.20/fus-statistics-gradle-plugin-2.2.20.module to /home/runner/.gradle/.tmp/gradle_download13454257651040774688bin
[  +96 ms] Downloading https://plugins.gradle.org/m2/org/jetbrains/annotations/13.0/annotations-13.0.pom to /home/runner/.gradle/.tmp/gradle_download8389099154377896610bin
[        ] Downloading https://plugins.gradle.org/m2/org/jetbrains/kotlin/kotlin-sam-with-receiver/2.2.20/kotlin-sam-with-receiver-2.2.20.pom to /home/runner/.gradle/.tmp/gradle_download14607303365120060875bin
[  +99 ms] Downloading https://plugins.gradle.org/m2/org/jetbrains/kotlin/kotlin-sam-with-receiver/2.2.20/kotlin-sam-with-receiver-2.2.20.module to /home/runner/.gradle/.tmp/gradle_download4492111911508231051bin
[        ] Downloading https://plugins.gradle.org/m2/org/jetbrains/kotlin/kotlin-assignment/2.2.20/kotlin-assignment-2.2.20.pom to /home/runner/.gradle/.tmp/gradle_download16425080425149466135bin
[  +99 ms] Downloading https://plugins.gradle.org/m2/org/jetbrains/kotlin/kotlin-assignment/2.2.20/kotlin-assignment-2.2.20.module to /home/runner/.gradle/.tmp/gradle_download14045057517591823186bin
[        ] Downloading https://plugins.gradle.org/m2/org/jetbrains/kotlin/kotlin-tooling-core/2.2.20/kotlin-tooling-core-2.2.20.pom to /home/runner/.gradle/.tmp/gradle_download6962981247037372297bin
[        ] Downloading https://plugins.gradle.org/m2/org/jetbrains/kotlin/kotlin-gradle-plugin-annotations/2.2.20/kotlin-gradle-plugin-annotations-2.2.20.pom to /home/runner/.gradle/.tmp/gradle_download17408527470919816493bin
[        ] Downloading https://plugins.gradle.org/m2/org/jetbrains/kotlin/kotlin-native-utils/2.2.20/kotlin-native-utils-2.2.20.pom to /home/runner/.gradle/.tmp/gradle_download2866671171643614775bin
[  +99 ms] Downloading https://plugins.gradle.org/m2/com/google/code/gson/gson/2.11.0/gson-2.11.0.pom to /home/runner/.gradle/.tmp/gradle_download1422589358262344037bin
[        ] Downloading https://plugins.gradle.org/m2/org/jetbrains/kotlin/kotlin-build-tools-api/2.2.20/kotlin-build-tools-api-2.2.20.pom to /home/runner/.gradle/.tmp/gradle_download10390128377773269779bin
[        ] Downloading https://plugins.gradle.org/m2/com/google/code/gson/gson-parent/2.11.0/gson-parent-2.11.0.pom to /home/runner/.gradle/.tmp/gradle_download8435622386600659353bin
[  +99 ms] Downloading https://plugins.gradle.org/m2/org/jetbrains/kotlin/kotlin-util-klib/2.2.20/kotlin-util-klib-2.2.20.pom to /home/runner/.gradle/.tmp/gradle_download5693043207103616345bin
[        ] Downloading https://plugins.gradle.org/m2/org/jetbrains/kotlin/kotlin-util-io/2.2.20/kotlin-util-io-2.2.20.pom to /home/runner/.gradle/.tmp/gradle_download8147993861256468438bin
[        ] Downloading https://plugins.gradle.org/m2/org/jetbrains/kotlin/kotlin-daemon-client/2.2.20/kotlin-daemon-client-2.2.20.pom to /home/runner/.gradle/.tmp/gradle_download12208163330749539241bin
[        ] Downloading https://plugins.gradle.org/m2/org/jetbrains/kotlinx/kotlinx-coroutines-core-jvm/1.8.0/kotlinx-coroutines-core-jvm-1.8.0.pom to /home/runner/.gradle/.tmp/gradle_download12052588085500134876bin
[  +99 ms] Downloading https://plugins.gradle.org/m2/org/jetbrains/kotlinx/kotlinx-coroutines-bom/1.8.0/kotlinx-coroutines-bom-1.8.0.pom to /home/runner/.gradle/.tmp/gradle_download6318832416607095298bin
[        ] Downloading https://plugins.gradle.org/m2/org/jetbrains/kotlinx/kotlinx-coroutines-core-jvm/1.8.0/kotlinx-coroutines-core-jvm-1.8.0.module to /home/runner/.gradle/.tmp/gradle_download8413433527525837483bin
[        ] Downloading https://plugins.gradle.org/m2/com/google/errorprone/error_prone_annotations/2.27.0/error_prone_annotations-2.27.0.pom to /home/runner/.gradle/.tmp/gradle_download14536889552622940915bin
[  +99 ms] Downloading https://plugins.gradle.org/m2/com/google/errorprone/error_prone_parent/2.27.0/error_prone_parent-2.27.0.pom to /home/runner/.gradle/.tmp/gradle_download12136742061431314556bin
[   +1 ms] Downloading https://plugins.gradle.org/m2/org/jetbrains/kotlin/kotlin-stdlib/1.9.22/kotlin-stdlib-1.9.22.jar to /home/runner/.gradle/.tmp/gradle_download14352665483946283220bin
[        ] Downloading https://plugins.gradle.org/m2/org/jetbrains/annotations/13.0/annotations-13.0.jar to /home/runner/.gradle/.tmp/gradle_download9288648372231911114bin
[  +98 ms] Downloading https://plugins.gradle.org/m2/org/gradle/kotlin/gradle-kotlin-dsl-plugins/4.3.0/gradle-kotlin-dsl-plugins-4.3.0.jar to /home/runner/.gradle/.tmp/gradle_download16527461482128719392bin
[   +1 ms] Downloading https://plugins.gradle.org/m2/org/jetbrains/kotlin/kotlin-gradle-plugin-model/2.2.20/kotlin-gradle-plugin-model-2.2.20.jar to /home/runner/.gradle/.tmp/gradle_download18009005102354056855bin
[        ] Downloading https://plugins.gradle.org/m2/org/jetbrains/kotlin/kotlin-sam-with-receiver/2.2.20/kotlin-sam-with-receiver-2.2.20-gradle86.jar to /home/runner/.gradle/.tmp/gradle_download16994090058554735479bin
[        ] Downloading https://plugins.gradle.org/m2/org/jetbrains/kotlin/kotlin-assignment/2.2.20/kotlin-assignment-2.2.20-gradle86.jar to /home/runner/.gradle/.tmp/gradle_download3471291004449869968bin
[        ] Downloading https://plugins.gradle.org/m2/org/jetbrains/kotlin/fus-statistics-gradle-plugin/2.2.20/fus-statistics-gradle-plugin-2.2.20-gradle86.jar to /home/runner/.gradle/.tmp/gradle_download15242126686816060871bin
[        ] Downloading https://plugins.gradle.org/m2/org/jetbrains/kotlin/kotlin-gradle-plugin-api/2.2.20/kotlin-gradle-plugin-api-2.2.20.jar to /home/runner/.gradle/.tmp/gradle_download3725594682701626707bin
[        ] Downloading https://plugins.gradle.org/m2/org/jetbrains/kotlin/kotlin-gradle-plugin-api/2.2.20/kotlin-gradle-plugin-api-2.2.20-gradle86.jar to /home/runner/.gradle/.tmp/gradle_download9268121213148394728bin
[        ] Downloading https://plugins.gradle.org/m2/org/jetbrains/kotlin/kotlin-gradle-plugin/2.2.20/kotlin-gradle-plugin-2.2.20-gradle86.jar to /home/runner/.gradle/.tmp/gradle_download5626438296982150461bin
[  +97 ms] Downloading https://plugins.gradle.org/m2/org/jetbrains/kotlin/kotlin-gradle-plugin-idea-proto/2.2.20/kotlin-gradle-plugin-idea-proto-2.2.20.jar to /home/runner/.gradle/.tmp/gradle_download480982478276223847bin
[   +1 ms] Downloading https://plugins.gradle.org/m2/org/jetbrains/kotlin/kotlin-gradle-plugin-idea/2.2.20/kotlin-gradle-plugin-idea-2.2.20.jar to /home/runner/.gradle/.tmp/gradle_download17843521234707512305bin
[        ] Downloading https://plugins.gradle.org/m2/org/jetbrains/kotlin/kotlin-klib-commonizer-api/2.2.20/kotlin-klib-commonizer-api-2.2.20.jar to /home/runner/.gradle/.tmp/gradle_download47556181481807693bin
[        ] Downloading https://plugins.gradle.org/m2/org/jetbrains/kotlin/kotlin-build-statistics/2.2.20/kotlin-build-statistics-2.2.20.jar to /home/runner/.gradle/.tmp/gradle_download5998454576750686148bin
[ +100 ms] Downloading https://plugins.gradle.org/m2/org/jetbrains/kotlin/kotlin-util-klib-metadata/2.2.20/kotlin-util-klib-metadata-2.2.20.jar to /home/runner/.gradle/.tmp/gradle_download11206517493402352328bin
[        ] Downloading https://plugins.gradle.org/m2/org/jetbrains/kotlin/abi-tools-api/2.2.20/abi-tools-api-2.2.20.jar to /home/runner/.gradle/.tmp/gradle_download259492045585965911bin
[        ] Downloading https://plugins.gradle.org/m2/org/jetbrains/kotlin/kotlin-compiler-runner/2.2.20/kotlin-compiler-runner-2.2.20.jar to /home/runner/.gradle/.tmp/gradle_download14442424495220482598bin
[        ] Downloading https://plugins.gradle.org/m2/org/jetbrains/kotlin/kotlin-gradle-plugin-annotations/2.2.20/kotlin-gradle-plugin-annotations-2.2.20.jar to /home/runner/.gradle/.tmp/gradle_download10418608890418366720bin
[        ] Downloading https://plugins.gradle.org/m2/org/jetbrains/kotlin/kotlin-native-utils/2.2.20/kotlin-native-utils-2.2.20.jar to /home/runner/.gradle/.tmp/gradle_download14135257605978579469bin
[        ] Downloading https://plugins.gradle.org/m2/org/jetbrains/kotlin/kotlin-build-tools-api/2.2.20/kotlin-build-tools-api-2.2.20.jar to /home/runner/.gradle/.tmp/gradle_download7851856547425314558bin
[        ] Downloading https://plugins.gradle.org/m2/org/jetbrains/kotlin/kotlin-tooling-core/2.2.20/kotlin-tooling-core-2.2.20.jar to /home/runner/.gradle/.tmp/gradle_download15545669391720867081bin
[  +96 ms] Downloading https://plugins.gradle.org/m2/org/jetbrains/kotlin/kotlin-util-io/2.2.20/kotlin-util-io-2.2.20.jar to /home/runner/.gradle/.tmp/gradle_download12439474085064135012bin
[        ] Downloading https://plugins.gradle.org/m2/org/jetbrains/kotlin/kotlin-util-klib/2.2.20/kotlin-util-klib-2.2.20.jar to /home/runner/.gradle/.tmp/gradle_download10452259569729884824bin
[        ] Downloading https://plugins.gradle.org/m2/com/google/code/gson/gson/2.11.0/gson-2.11.0.jar to /home/runner/.gradle/.tmp/gradle_download7434942095213728130bin
[        ] Downloading https://plugins.gradle.org/m2/org/jetbrains/kotlin/kotlin-daemon-client/2.2.20/kotlin-daemon-client-2.2.20.jar to /home/runner/.gradle/.tmp/gradle_download11236049706513523308bin
[        ] Downloading https://plugins.gradle.org/m2/org/jetbrains/kotlinx/kotlinx-coroutines-core-jvm/1.8.0/kotlinx-coroutines-core-jvm-1.8.0.jar to /home/runner/.gradle/.tmp/gradle_download5379932946404230951bin
[        ] Downloading https://plugins.gradle.org/m2/com/google/errorprone/error_prone_annotations/2.27.0/error_prone_annotations-2.27.0.jar to /home/runner/.gradle/.tmp/gradle_download11696689517596443055bin
[ +102 ms] Transforming gradle-kotlin-dsl-plugins-4.3.0.jar (org.gradle.kotlin:gradle-kotlin-dsl-plugins:4.3.0) with ExternalDependencyInstrumentingArtifactTransform
[        ] Transforming kotlin-stdlib-1.9.22.jar (org.jetbrains.kotlin:kotlin-stdlib:1.9.22) with ExternalDependencyInstrumentingArtifactTransform
[        ] Caching disabled for ExternalDependencyInstrumentingArtifactTransform: /home/runner/.gradle/caches/modules-2/files-2.1/org.gradle.kotlin/gradle-kotlin-dsl-plugins/4.3.0/1843304fb4fecf610ca6b8b9e326fb597c3fb2bc/gradle-kotlin-dsl-plugins-4.3.0.jar because:
[        ]   Build cache is disabled
[        ]   Caching not enabled.
[        ] Transforming annotations-13.0.jar (org.jetbrains:annotations:13.0) with ExternalDependencyInstrumentingArtifactTransform
[        ] Caching disabled for ExternalDependencyInstrumentingArtifactTransform: /home/runner/.gradle/caches/modules-2/files-2.1/org.jetbrains.kotlin/kotlin-stdlib/1.9.22/d6c44cd08d8f3f9bece8101216dbe6553365c6e3/kotlin-stdlib-1.9.22.jar because:
[        ]   Build cache is disabled
[        ]   Caching not enabled.
[        ] Transforming kotlin-sam-with-receiver-2.2.20-gradle86.jar (org.jetbrains.kotlin:kotlin-sam-with-receiver:2.2.20) with ExternalDependencyInstrumentingArtifactTransform
[        ] Transforming kotlin-assignment-2.2.20-gradle86.jar (org.jetbrains.kotlin:kotlin-assignment:2.2.20) with ExternalDependencyInstrumentingArtifactTransform
[        ] Transforming kotlin-gradle-plugin-model-2.2.20.jar (org.jetbrains.kotlin:kotlin-gradle-plugin-model:2.2.20) with ExternalDependencyInstrumentingArtifactTransform
[        ] Caching disabled for ExternalDependencyInstrumentingArtifactTransform: /home/runner/.gradle/caches/modules-2/files-2.1/org.jetbrains/annotations/13.0/919f0dfe192fb4e063e7dacadee7f8bb9a2672a9/annotations-13.0.jar because:
[        ]   Build cache is disabled
[        ]   Caching not enabled.
[        ] Transforming fus-statistics-gradle-plugin-2.2.20-gradle86.jar (org.jetbrains.kotlin:fus-statistics-gradle-plugin:2.2.20) with ExternalDependencyInstrumentingArtifactTransform
[        ] Transforming kotlin-gradle-plugin-api-2.2.20.jar (org.jetbrains.kotlin:kotlin-gradle-plugin-api:2.2.20) with ExternalDependencyInstrumentingArtifactTransform
[        ] Transforming kotlin-gradle-plugin-api-2.2.20-gradle86.jar (org.jetbrains.kotlin:kotlin-gradle-plugin-api:2.2.20) with ExternalDependencyInstrumentingArtifactTransform
[        ] Transforming kotlin-gradle-plugin-2.2.20-gradle86.jar (org.jetbrains.kotlin:kotlin-gradle-plugin:2.2.20) with ExternalDependencyInstrumentingArtifactTransform
[        ] Transforming kotlin-gradle-plugin-idea-proto-2.2.20.jar (org.jetbrains.kotlin:kotlin-gradle-plugin-idea-proto:2.2.20) with ExternalDependencyInstrumentingArtifactTransform
[   +3 ms] Caching disabled for ExternalDependencyInstrumentingArtifactTransform: /home/runner/.gradle/caches/modules-2/files-2.1/org.jetbrains.kotlin/kotlin-sam-with-receiver/2.2.20/c82d9d3e46f61975fd515824270cfcc3d3053fa/kotlin-sam-with-receiver-2.2.20-gradle86.jar because:
[        ]   Build cache is disabled
[        ]   Caching not enabled.
[        ] Transforming kotlin-gradle-plugin-idea-2.2.20.jar (org.jetbrains.kotlin:kotlin-gradle-plugin-idea:2.2.20) with ExternalDependencyInstrumentingArtifactTransform
[        ] Transforming kotlin-klib-commonizer-api-2.2.20.jar (org.jetbrains.kotlin:kotlin-klib-commonizer-api:2.2.20) with ExternalDependencyInstrumentingArtifactTransform
[        ] Transforming kotlin-build-statistics-2.2.20.jar (org.jetbrains.kotlin:kotlin-build-statistics:2.2.20) with ExternalDependencyInstrumentingArtifactTransform
[        ] Transforming kotlin-util-klib-metadata-2.2.20.jar (org.jetbrains.kotlin:kotlin-util-klib-metadata:2.2.20) with ExternalDependencyInstrumentingArtifactTransform
[        ] Caching disabled for ExternalDependencyInstrumentingArtifactTransform: /home/runner/.gradle/caches/modules-2/files-2.1/org.jetbrains.kotlin/kotlin-assignment/2.2.20/932ad393e0a393f8833bbcf4fc67f9a5c74f9ef0/kotlin-assignment-2.2.20-gradle86.jar because:
[        ]   Build cache is disabled
[        ]   Caching not enabled.
[        ] Transforming abi-tools-api-2.2.20.jar (org.jetbrains.kotlin:abi-tools-api:2.2.20) with ExternalDependencyInstrumentingArtifactTransform
[  +91 ms] Transforming kotlin-compiler-runner-2.2.20.jar (org.jetbrains.kotlin:kotlin-compiler-runner:2.2.20) with ExternalDependencyInstrumentingArtifactTransform
[        ] Transforming kotlin-gradle-plugin-annotations-2.2.20.jar (org.jetbrains.kotlin:kotlin-gradle-plugin-annotations:2.2.20) with ExternalDependencyInstrumentingArtifactTransform
[        ] Transforming kotlin-native-utils-2.2.20.jar (org.jetbrains.kotlin:kotlin-native-utils:2.2.20) with ExternalDependencyInstrumentingArtifactTransform
[        ] Transforming kotlin-tooling-core-2.2.20.jar (org.jetbrains.kotlin:kotlin-tooling-core:2.2.20) with ExternalDependencyInstrumentingArtifactTransform
[        ] Transforming kotlin-build-tools-api-2.2.20.jar (org.jetbrains.kotlin:kotlin-build-tools-api:2.2.20) with ExternalDependencyInstrumentingArtifactTransform
[        ] Transforming gson-2.11.0.jar (com.google.code.gson:gson:2.11.0) with ExternalDependencyInstrumentingArtifactTransform
[        ] Transforming kotlin-util-klib-2.2.20.jar (org.jetbrains.kotlin:kotlin-util-klib:2.2.20) with ExternalDependencyInstrumentingArtifactTransform
[        ] Transforming kotlin-util-io-2.2.20.jar (org.jetbrains.kotlin:kotlin-util-io:2.2.20) with ExternalDependencyInstrumentingArtifactTransform
[        ] Transforming kotlin-daemon-client-2.2.20.jar (org.jetbrains.kotlin:kotlin-daemon-client:2.2.20) with ExternalDependencyInstrumentingArtifactTransform
[        ] Transforming kotlinx-coroutines-core-jvm-1.8.0.jar (org.jetbrains.kotlinx:kotlinx-coroutines-core-jvm:1.8.0) with ExternalDependencyInstrumentingArtifactTransform
[        ] Caching disabled for ExternalDependencyInstrumentingArtifactTransform: /home/runner/.gradle/caches/modules-2/files-2.1/org.jetbrains.kotlin/kotlin-gradle-plugin-model/2.2.20/e0cf2274cb26387cdbf45e316e51a8d23cd8734c/kotlin-gradle-plugin-model-2.2.20.jar because:
[        ]   Build cache is disabled
[        ]   Caching not enabled.
[        ] Caching disabled for ExternalDependencyInstrumentingArtifactTransform: /home/runner/.gradle/caches/modules-2/files-2.1/org.jetbrains.kotlin/fus-statistics-gradle-plugin/2.2.20/c2f0f2cb5585e92dffc18f12a8f1eeaa4e3728e/fus-statistics-gradle-plugin-2.2.20-gradle86.jar because:
[        ]   Build cache is disabled
[   +3 ms]   Caching not enabled.
[        ] Transforming error_prone_annotations-2.27.0.jar (com.google.errorprone:error_prone_annotations:2.27.0) with ExternalDependencyInstrumentingArtifactTransform
[        ] Caching disabled for ExternalDependencyInstrumentingArtifactTransform: /home/runner/.gradle/caches/modules-2/files-2.1/org.jetbrains.kotlin/kotlin-gradle-plugin-api/2.2.20/60de320ba63943d1997d7f39f32cde9c2621806d/kotlin-gradle-plugin-api-2.2.20.jar because:
[        ]   Build cache is disabled
[        ]   Caching not enabled.
[        ] Caching disabled for ExternalDependencyInstrumentingArtifactTransform: /home/runner/.gradle/caches/modules-2/files-2.1/org.jetbrains.kotlin/kotlin-gradle-plugin-api/2.2.20/60de320ba63943d1997d7f39f32cde9c2621806d/kotlin-gradle-plugin-api-2.2.20-gradle86.jar because:
[        ]   Build cache is disabled
[        ]   Caching not enabled.
[        ] Caching disabled for ExternalDependencyInstrumentingArtifactTransform: /home/runner/.gradle/caches/modules-2/files-2.1/org.jetbrains.kotlin/kotlin-gradle-plugin/2.2.20/7e1effd7a10fcbebb832a86aa6f0c6ba08451fbf/kotlin-gradle-plugin-2.2.20-gradle86.jar because:
[        ]   Build cache is disabled
[        ]   Caching not enabled.
[  +94 ms] Caching disabled for ExternalDependencyInstrumentingArtifactTransform: /home/runner/.gradle/caches/modules-2/files-2.1/org.jetbrains.kotlin/kotlin-gradle-plugin-idea-proto/2.2.20/ccea68faf3074b47b2d1549d971d5438aae0adba/kotlin-gradle-plugin-idea-proto-2.2.20.jar because:
[        ]   Build cache is disabled
[        ]   Caching not enabled.
[        ] Caching disabled for ExternalDependencyInstrumentingArtifactTransform: /home/runner/.gradle/caches/modules-2/files-2.1/org.jetbrains.kotlin/kotlin-gradle-plugin-idea/2.2.20/a07b350797aa4fe6d4bc6e1be2feecb638e94b13/kotlin-gradle-plugin-idea-2.2.20.jar because:
[        ]   Build cache is disabled
[        ]   Caching not enabled.
[  +96 ms] Caching disabled for ExternalDependencyInstrumentingArtifactTransform: /home/runner/.gradle/caches/modules-2/files-2.1/org.jetbrains.kotlin/kotlin-klib-commonizer-api/2.2.20/bedd0bf6302d0bccc2b65535a0cb74b520b67858/kotlin-klib-commonizer-api-2.2.20.jar because:
[        ]   Build cache is disabled
[        ]   Caching not enabled.
[        ] Caching disabled for ExternalDependencyInstrumentingArtifactTransform: /home/runner/.gradle/caches/modules-2/files-2.1/org.jetbrains.kotlin/kotlin-build-statistics/2.2.20/6cd7e2985af2647576bfc6bd1ba450000acbde4a/kotlin-build-statistics-2.2.20.jar because:
[        ]   Build cache is disabled
[        ]   Caching not enabled.
[ +100 ms] Caching disabled for ExternalDependencyInstrumentingArtifactTransform: /home/runner/.gradle/caches/modules-2/files-2.1/org.jetbrains.kotlin/kotlin-util-klib-metadata/2.2.20/8a0c47f26e47702792fe0bbefbee6e8be12b3463/kotlin-util-klib-metadata-2.2.20.jar because:
[        ]   Build cache is disabled
[        ]   Caching not enabled.
[        ] Caching disabled for ExternalDependencyInstrumentingArtifactTransform: /home/runner/.gradle/caches/modules-2/files-2.1/org.jetbrains.kotlin/abi-tools-api/2.2.20/15daea957a282df212a7bc3189dbbf442b38dec8/abi-tools-api-2.2.20.jar because:
[        ]   Build cache is disabled
[        ]   Caching not enabled.
[        ] Caching disabled for ExternalDependencyInstrumentingArtifactTransform: /home/runner/.gradle/caches/modules-2/files-2.1/org.jetbrains.kotlin/kotlin-compiler-runner/2.2.20/72475464f90c5f5aae5072edc60c2b29a8353f63/kotlin-compiler-runner-2.2.20.jar because:
[        ]   Build cache is disabled
[        ]   Caching not enabled.
[        ] Caching disabled for ExternalDependencyInstrumentingArtifactTransform: /home/runner/.gradle/caches/modules-2/files-2.1/org.jetbrains.kotlin/kotlin-gradle-plugin-annotations/2.2.20/cb3940a092ab27344aa290973ebb6c14fb344ac9/kotlin-gradle-plugin-annotations-2.2.20.jar because:
[        ]   Build cache is disabled
[        ]   Caching not enabled.
[        ] Caching disabled for ExternalDependencyInstrumentingArtifactTransform: /home/runner/.gradle/caches/modules-2/files-2.1/org.jetbrains.kotlin/kotlin-native-utils/2.2.20/d0758b001901331bdc5e3860dcc72dc889a1c632/kotlin-native-utils-2.2.20.jar because:
[        ]   Build cache is disabled
[        ]   Caching not enabled.
[ +101 ms] Caching disabled for ExternalDependencyInstrumentingArtifactTransform: /home/runner/.gradle/caches/modules-2/files-2.1/org.jetbrains.kotlin/kotlin-tooling-core/2.2.20/685151c03e638207a3b5045002411fbef78fdeb/kotlin-tooling-core-2.2.20.jar because:
[        ]   Build cache is disabled
[        ]   Caching not enabled.
[  +94 ms] Caching disabled for ExternalDependencyInstrumentingArtifactTransform: /home/runner/.gradle/caches/modules-2/files-2.1/org.jetbrains.kotlin/kotlin-build-tools-api/2.2.20/d5517ea764cf72042e5fadbcd48152998d151082/kotlin-build-tools-api-2.2.20.jar because:
[        ]   Build cache is disabled
[        ]   Caching not enabled.
[        ] Caching disabled for ExternalDependencyInstrumentingArtifactTransform: /home/runner/.gradle/caches/modules-2/files-2.1/com.google.code.gson/gson/2.11.0/527175ca6d81050b53bdd4c457a6d6e017626b0e/gson-2.11.0.jar because:
[        ]   Build cache is disabled
[        ]   Caching not enabled.
[  +99 ms] Caching disabled for ExternalDependencyInstrumentingArtifactTransform: /home/runner/.gradle/caches/modules-2/files-2.1/org.jetbrains.kotlin/kotlin-util-klib/2.2.20/d2530c797582f1f3b4c22d4b8a3ee134b16489ee/kotlin-util-klib-2.2.20.jar because:
[        ]   Build cache is disabled
[        ]   Caching not enabled.
[        ] Caching disabled for ExternalDependencyInstrumentingArtifactTransform: /home/runner/.gradle/caches/modules-2/files-2.1/org.jetbrains.kotlin/kotlin-util-io/2.2.20/6c10468e852a6bceb4fbdeadf607ed92ad9f2d8e/kotlin-util-io-2.2.20.jar because:
[        ]   Build cache is disabled
[        ]   Caching not enabled.
[        ] Caching disabled for ExternalDependencyInstrumentingArtifactTransform: /home/runner/.gradle/caches/modules-2/files-2.1/org.jetbrains.kotlin/kotlin-daemon-client/2.2.20/1a5198f177c695bba2473b60d08f86471f4542cf/kotlin-daemon-client-2.2.20.jar because:
[        ]   Build cache is disabled
[        ]   Caching not enabled.
[  +98 ms] Caching disabled for ExternalDependencyInstrumentingArtifactTransform: /home/runner/.gradle/caches/modules-2/files-2.1/org.jetbrains.kotlinx/kotlinx-coroutines-core-jvm/1.8.0/ac1dc37a30a93150b704022f8d895ee1bd3a36b3/kotlinx-coroutines-core-jvm-1.8.0.jar because:
[        ]   Build cache is disabled
[        ]   Caching not enabled.
[ +200 ms] Caching disabled for ExternalDependencyInstrumentingArtifactTransform: /home/runner/.gradle/caches/modules-2/files-2.1/com.google.errorprone/error_prone_annotations/2.27.0/91b2c29d8a6148b5e2e4930f070d4840e2e48e34/error_prone_annotations-2.27.0.jar because:
[        ]   Build cache is disabled
[        ]   Caching not enabled.
[+2497 ms] Using Kotlin Gradle Plugin gradle86 variant
[ +199 ms] kotlin scripting plugin: created the scripting discovery configuration: kotlinScriptDef
[ +100 ms] kotlin scripting plugin: created the scripting discovery configuration: testKotlinScriptDef
[ +101 ms] WARNING: Unsupported Kotlin plugin version.
[        ] The `embedded-kotlin` and `kotlin-dsl` plugins rely on features of Kotlin `1.9.22` that might work differently than in the requested version `2.2.20`.
[        ] file or directory '/opt/hostedtoolcache/flutter/stable-3.47.0-x64/flutter/packages/flutter_tools/gradle/src/main/java', not found
[ +899 ms] Caching disabled for Kotlin DSL accessors for project ':gradle' because:
[        ]   Build cache is disabled
[ +797 ms] Cannot use Kotlin build script compile avoidance with /home/runner/.gradle/caches/modules-2/files-2.1/org.jetbrains.kotlin/kotlin-gradle-plugin/2.2.20/7e1effd7a10fcbebb832a86aa6f0c6ba08451fbf/kotlin-gradle-plugin-2.2.20-gradle86.jar: class org/jetbrains/kotlin/gradle/dsl/PlatformSourceSetConventionsChecker: inline fun CheckedPlatformInfo(): compile avoidance is not supported with public inline functions
[ +400 ms] Cannot use Kotlin build script compile avoidance with /home/runner/.gradle/caches/modules-2/files-2.1/org.jetbrains.kotlin/kotlin-gradle-plugin-idea-proto/2.2.20/ccea68faf3074b47b2d1549d971d5438aae0adba/kotlin-gradle-plugin-idea-proto-2.2.20.jar: class org/jetbrains/kotlin/gradle/idea/proto/generated/IdeaExtrasProtoKt$Dsl: inline fun setValues(): compile avoidance is not supported with public inline functions
[ +100 ms] Cannot use Kotlin build script compile avoidance with /home/runner/.gradle/caches/modules-2/files-2.1/org.jetbrains.kotlin/kotlin-gradle-plugin-idea/2.2.20/a07b350797aa4fe6d4bc6e1be2feecb638e94b13/kotlin-gradle-plugin-idea-2.2.20.jar: class org/jetbrains/kotlin/gradle/idea/serialize/IdeaKotlinExtrasSerializer$Companion: inline fun javaIoSerializable(): compile avoidance is not supported with public inline functions
[        ] Cannot use Kotlin build script compile avoidance with /home/runner/.gradle/caches/modules-2/files-2.1/org.jetbrains.kotlin/kotlin-tooling-core/2.2.20/685151c03e638207a3b5045002411fbef78fdeb/kotlin-tooling-core-2.2.20.jar: class org/jetbrains/kotlin/tooling/core/ClosureKt: inline fun closure(): compile avoidance is not supported with public inline functions
[  +99 ms] Cannot use Kotlin build script compile avoidance with /home/runner/.gradle/caches/modules-2/files-2.1/org.jetbrains.kotlin/kotlin-util-io/2.2.20/6c10468e852a6bceb4fbdeadf607ed92ad9f2d8e/kotlin-util-io-2.2.20.jar: class org/jetbrains/kotlin/konan/file/FileKt: inline fun use(): compile avoidance is not supported with public inline functions
[ +101 ms] Caching disabled for Kotlin DSL script compilation (Project/TopLevel/stage2) because:
[        ]   Build cache is disabled
[+1398 ms] Downloading https://dl.google.com/dl/android/maven2/com/android/application/com.android.application.gradle.plugin/8.6.0/com.android.application.gradle.plugin-8.6.0.pom to /home/runner/.gradle/.tmp/gradle_download11692448285727500685bin
[        ] Resource missing. [HTTP HEAD: https://dl.google.com/dl/android/maven2/com/android/application/com.android.application.gradle.plugin/8.6.0/com.android.application.gradle.plugin-8.6.0.jar]
[  +99 ms] Resource missing. [HTTP GET: https://dl.google.com/dl/android/maven2/org/jetbrains/kotlin/android/org.jetbrains.kotlin.android.gradle.plugin/1.9.24/org.jetbrains.kotlin.android.gradle.plugin-1.9.24.pom]
[        ] Downloading https://repo.maven.apache.org/maven2/org/jetbrains/kotlin/android/org.jetbrains.kotlin.android.gradle.plugin/1.9.24/org.jetbrains.kotlin.android.gradle.plugin-1.9.24.pom to /home/runner/.gradle/.tmp/gradle_download17115147315358220648bin
[        ] Resource missing. [HTTP HEAD: https://repo.maven.apache.org/maven2/org/jetbrains/kotlin/android/org.jetbrains.kotlin.android.gradle.plugin/1.9.24/org.jetbrains.kotlin.android.gradle.plugin-1.9.24.jar]
[ +199 ms] Resolve mutations for :gradle:checkKotlinGradlePluginConfigurationErrors (Thread[Execution worker,5,main]) started.
[ +100 ms] :gradle:checkKotlinGradlePluginConfigurationErrors (Thread[Execution worker,5,main]) started.
[   +1 ms] > Task :gradle:checkKotlinGradlePluginConfigurationErrors SKIPPED
[        ] Skipping task ':gradle:checkKotlinGradlePluginConfigurationErrors' as task onlyIf 'errorDiagnostics are present' is false.
[        ] Resolve mutations for :gradle:compileKotlin (Thread[Execution worker,5,main]) started.
[        ] :gradle:compileKotlin (Thread[Execution worker,5,main]) started.
[+1998 ms] > Task :gradle:compileKotlin
[        ] Downloading https://dl.google.com/dl/android/maven2/androidx/annotation/annotation-jvm/1.9.1/annotation-jvm-1.9.1.pom to /home/runner/.gradle/.tmp/gradle_download17266214102700748258bin
[        ] Resource missing. [HTTP GET: https://dl.google.com/dl/android/maven2/org/jetbrains/kotlin/kotlin-reflect/1.9.22/kotlin-reflect-1.9.22.pom]
[        ] Resource missing. [HTTP HEAD: https://dl.google.com/dl/android/maven2/org/jetbrains/kotlin/kotlin-stdlib/1.9.22/kotlin-stdlib-1.9.22.pom]
[        ] Downloading https://dl.google.com/dl/android/maven2/com/android/tools/build/gradle/8.11.1/gradle-8.11.1.pom to /home/runner/.gradle/.tmp/gradle_download3359006073917856719bin
[        ] Downloading https://dl.google.com/dl/android/maven2/com/android/tools/build/gradle/8.11.1/gradle-8.11.1.module to /home/runner/.gradle/.tmp/gradle_download17153787159198934945bin
[        ] Downloading https://dl.google.com/dl/android/maven2/androidx/annotation/annotation-jvm/1.9.1/annotation-jvm-1.9.1.module to /home/runner/.gradle/.tmp/gradle_download16075065710302874379bin
[        ] Downloading https://repo.maven.apache.org/maven2/org/jetbrains/kotlin/kotlin-reflect/1.9.22/kotlin-reflect-1.9.22.pom to /home/runner/.gradle/.tmp/gradle_download4347365635002068964bin
[        ] Resource missing. [HTTP GET: https://dl.google.com/dl/android/maven2/org/jetbrains/kotlin/kotlin-gradle-plugin/2.0.0/kotlin-gradle-plugin-2.0.0.pom]
[        ] Resource missing. [HTTP GET: https://dl.google.com/dl/android/maven2/org/jetbrains/kotlinx/kotlinx-serialization-json/1.4.0/kotlinx-serialization-json-1.4.0.pom]
[        ] Found locally available resource with matching checksum: [https://repo.maven.apache.org/maven2/org/jetbrains/kotlin/kotlin-stdlib/1.9.22/kotlin-stdlib-1.9.22.pom, /home/runner/.gradle/caches/modules-2/files-2.1/org.jetbrains.kotlin/kotlin-stdlib/1.9.22/8b57899b44d8973fe6b5bac305a1cbe947b9027/kotlin-stdlib-1.9.22.pom]
[        ] Downloading https://repo.maven.apache.org/maven2/org/jetbrains/kotlin/kotlin-gradle-plugin/2.0.0/kotlin-gradle-plugin-2.0.0.pom to /home/runner/.gradle/.tmp/gradle_download15480238534595728777bin
[        ] Found locally available resource with matching checksum: [https://repo.maven.apache.org/maven2/org/jetbrains/kotlin/kotlin-stdlib/1.9.22/kotlin-stdlib-1.9.22.module, /home/runner/.gradle/caches/modules-2/files-2.1/org.jetbrains.kotlin/kotlin-stdlib/1.9.22/f2f3c4f5a132ab35b6c45bb7ba3ba1556fe226e6/kotlin-stdlib-1.9.22.module]
[        ] Resource missing. [HTTP GET: https://dl.google.com/dl/android/maven2/org/jetbrains/kotlin/kotlin-gradle-plugins-bom/2.0.0/kotlin-gradle-plugins-bom-2.0.0.pom]
[        ] Downloading https://repo.maven.apache.org/maven2/org/jetbrains/kotlinx/kotlinx-serialization-json/1.4.0/kotlinx-serialization-json-1.4.0.pom to /home/runner/.gradle/.tmp/gradle_download5779199013071236092bin
[        ] Downloading https://repo.maven.apache.org/maven2/org/jetbrains/kotlin/kotlin-gradle-plugins-bom/2.0.0/kotlin-gradle-plugins-bom-2.0.0.pom to /home/runner/.gradle/.tmp/gradle_download3454683518134958286bin
[        ] Downloading https://repo.maven.apache.org/maven2/org/jetbrains/kotlinx/kotlinx-serialization-json/1.4.0/kotlinx-serialization-json-1.4.0.module to /home/runner/.gradle/.tmp/gradle_download14093991355196721842bin
[        ] Downloading https://repo.maven.apache.org/maven2/org/jetbrains/kotlin/kotlin-gradle-plugins-bom/2.0.0/kotlin-gradle-plugins-bom-2.0.0.module to /home/runner/.gradle/.tmp/gradle_download12757519922453989137bin
[        ] Downloading https://repo.maven.apache.org/maven2/org/jetbrains/kotlin/kotlin-gradle-plugin/2.0.0/kotlin-gradle-plugin-2.0.0.module to /home/runner/.gradle/.tmp/gradle_download1625829777392411420bin
[        ] Resource missing. [HTTP GET: https://dl.google.com/dl/android/maven2/org/jetbrains/kotlin/kotlin-stdlib/1.9.24/kotlin-stdlib-1.9.24.pom]
[        ] Downloading https://repo.maven.apache.org/maven2/org/jetbrains/kotlin/kotlin-stdlib/1.9.24/kotlin-stdlib-1.9.24.pom to /home/runner/.gradle/.tmp/gradle_download14363307998156432731bin
[        ] Downloading https://repo.maven.apache.org/maven2/org/jetbrains/kotlin/kotlin-stdlib/1.9.24/kotlin-stdlib-1.9.24.module to /home/runner/.gradle/.tmp/gradle_download11057744560901074553bin
[        ] Downloading https://dl.google.com/dl/android/maven2/com/android/tools/build/gradle-api/8.11.1/gradle-api-8.11.1.pom to /home/runner/.gradle/.tmp/gradle_download16328223328299238690bin
[        ] Downloading https://dl.google.com/dl/android/maven2/com/android/tools/build/builder-model/8.11.1/builder-model-8.11.1.pom to /home/runner/.gradle/.tmp/gradle_download11060053946150179661bin
[        ] Downloading https://dl.google.com/dl/android/maven2/com/android/tools/build/builder/8.11.1/builder-8.11.1.pom to /home/runner/.gradle/.tmp/gradle_download6148954472180950108bin
[        ] Downloading https://dl.google.com/dl/android/maven2/com/android/tools/build/gradle-api/8.11.1/gradle-api-8.11.1.module to /home/runner/.gradle/.tmp/gradle_download10938336373106431345bin
[        ] Downloading https://dl.google.com/dl/android/maven2/com/android/tools/build/builder-model/8.11.1/builder-model-8.11.1.module to /home/runner/.gradle/.tmp/gradle_download13134965777284539836bin
[        ] Downloading https://dl.google.com/dl/android/maven2/com/android/tools/build/builder/8.11.1/builder-8.11.1.module to /home/runner/.gradle/.tmp/gradle_download13027159929422471624bin
[        ] Resource missing. [HTTP GET: https://dl.google.com/dl/android/maven2/org/jetbrains/kotlin/kotlin-gradle-plugin-model/2.0.0/kotlin-gradle-plugin-model-2.0.0.pom]
[        ] Resource missing. [HTTP GET: https://dl.google.com/dl/android/maven2/org/jetbrains/kotlin/kotlin-gradle-plugin-api/2.0.0/kotlin-gradle-plugin-api-2.0.0.pom]
[        ] Downloading https://repo.maven.apache.org/maven2/org/jetbrains/kotlin/kotlin-gradle-plugin-api/2.0.0/kotlin-gradle-plugin-api-2.0.0.pom to /home/runner/.gradle/.tmp/gradle_download15145667157237864564bin
[        ] Downloading https://repo.maven.apache.org/maven2/org/jetbrains/kotlin/kotlin-gradle-plugin-model/2.0.0/kotlin-gradle-plugin-model-2.0.0.pom to /home/runner/.gradle/.tmp/gradle_download507959160776576014bin
[        ] Downloading https://repo.maven.apache.org/maven2/org/jetbrains/kotlin/kotlin-gradle-plugin-api/2.0.0/kotlin-gradle-plugin-api-2.0.0.module to /home/runner/.gradle/.tmp/gradle_download10671451315044758873bin
[        ] Downloading https://repo.maven.apache.org/maven2/org/jetbrains/kotlin/kotlin-gradle-plugin-model/2.0.0/kotlin-gradle-plugin-model-2.0.0.module to /home/runner/.gradle/.tmp/gradle_download4970531553838141279bin
[        ] Resource missing. [HTTP GET: https://dl.google.com/dl/android/maven2/org/jetbrains/kotlinx/kotlinx-serialization-json-jvm/1.4.0/kotlinx-serialization-json-jvm-1.4.0.pom]
[        ] Downloading https://repo.maven.apache.org/maven2/org/jetbrains/kotlinx/kotlinx-serialization-json-jvm/1.4.0/kotlinx-serialization-json-jvm-1.4.0.pom to /home/runner/.gradle/.tmp/gradle_download5054436749393843553bin
[        ] Downloading https://repo.maven.apache.org/maven2/org/jetbrains/kotlinx/kotlinx-serialization-json-jvm/1.4.0/kotlinx-serialization-json-jvm-1.4.0.module to /home/runner/.gradle/.tmp/gradle_download9946026409257934519bin
[        ] Resource missing. [HTTP HEAD: https://dl.google.com/dl/android/maven2/org/jetbrains/annotations/13.0/annotations-13.0.pom]
[        ] Found locally available resource with matching checksum: [https://repo.maven.apache.org/maven2/org/jetbrains/annotations/13.0/annotations-13.0.pom, /home/runner/.gradle/caches/modules-2/files-2.1/org.jetbrains/annotations/13.0/fa7d3d07cc80547e2d15bf4839d3267c637c642f/annotations-13.0.pom]
[        ] Downloading https://dl.google.com/dl/android/maven2/com/android/zipflinger/8.11.1/zipflinger-8.11.1.pom to /home/runner/.gradle/.tmp/gradle_download13477010606485045184bin
[        ] Downloading https://dl.google.com/dl/android/maven2/com/android/tools/build/manifest-merger/31.11.1/manifest-merger-31.11.1.pom to /home/runner/.gradle/.tmp/gradle_download15472856336097367364bin
[        ] Downloading https://dl.google.com/dl/android/maven2/com/android/tools/build/apkzlib/8.11.1/apkzlib-8.11.1.pom to /home/runner/.gradle/.tmp/gradle_download14315701858782818706bin
[        ] Downloading https://dl.google.com/dl/android/maven2/com/android/tools/build/apksig/8.11.1/apksig-8.11.1.pom to /home/runner/.gradle/.tmp/gradle_download14661804956213631588bin
[        ] Downloading https://dl.google.com/dl/android/maven2/com/android/tools/build/manifest-merger/31.11.1/manifest-merger-31.11.1.module to /home/runner/.gradle/.tmp/gradle_download17592762438438483931bin
[        ] Resource missing. [HTTP GET: https://dl.google.com/dl/android/maven2/com/squareup/javawriter/2.5.0/javawriter-2.5.0.pom]
[        ] Downloading https://repo.maven.apache.org/maven2/com/squareup/javawriter/2.5.0/javawriter-2.5.0.pom to /home/runner/.gradle/.tmp/gradle_download15488469719451759556bin
[        ] Resource missing. [HTTP GET: https://dl.google.com/dl/android/maven2/org/sonatype/oss/oss-parent/7/oss-parent-7.pom]
[        ] Downloading https://repo.maven.apache.org/maven2/org/sonatype/oss/oss-parent/7/oss-parent-7.pom to /home/runner/.gradle/.tmp/gradle_download3252457221643875199bin
[        ] Resource missing. [HTTP GET: https://dl.google.com/dl/android/maven2/org/ow2/asm/asm/9.7.1/asm-9.7.1.pom]
[        ] Downloading https://repo.maven.apache.org/maven2/org/ow2/asm/asm/9.7.1/asm-9.7.1.pom to /home/runner/.gradle/.tmp/gradle_download5981836476513349012bin
[        ] Resource missing. [HTTP GET: https://dl.google.com/dl/android/maven2/org/ow2/ow2/1.5.1/ow2-1.5.1.pom]
[        ] Downloading https://repo.maven.apache.org/maven2/org/ow2/ow2/1.5.1/ow2-1.5.1.pom to /home/runner/.gradle/.tmp/gradle_download13861065363691670651bin
[        ] Resource missing. [HTTP GET: https://dl.google.com/dl/android/maven2/org/jetbrains/kotlin/kotlin-native-utils/2.0.0/kotlin-native-utils-2.0.0.pom]
[        ] Resource missing. [HTTP GET: https://dl.google.com/dl/android/maven2/org/jetbrains/kotlin/kotlin-tooling-core/2.0.0/kotlin-tooling-core-2.0.0.pom]
[        ] Resource missing. [HTTP GET: https://dl.google.com/dl/android/maven2/org/jetbrains/kotlin/kotlin-gradle-plugin-annotations/2.0.0/kotlin-gradle-plugin-annotations-2.0.0.pom]
[        ] Downloading https://repo.maven.apache.org/maven2/org/jetbrains/kotlin/kotlin-gradle-plugin-annotations/2.0.0/kotlin-gradle-plugin-annotations-2.0.0.pom to /home/runner/.gradle/.tmp/gradle_download17580408338574728851bin
[        ] Downloading https://repo.maven.apache.org/maven2/org/jetbrains/kotlin/kotlin-native-utils/2.0.0/kotlin-native-utils-2.0.0.pom to /home/runner/.gradle/.tmp/gradle_download11040801269868525683bin
[        ] Downloading https://repo.maven.apache.org/maven2/org/jetbrains/kotlin/kotlin-tooling-core/2.0.0/kotlin-tooling-core-2.0.0.pom to /home/runner/.gradle/.tmp/gradle_download13981122606590763448bin
[        ] Resource missing. [HTTP GET: https://dl.google.com/dl/android/maven2/org/jetbrains/kotlinx/kotlinx-serialization-core/1.4.0/kotlinx-serialization-core-1.4.0.pom]
[        ] Downloading https://repo.maven.apache.org/maven2/org/jetbrains/kotlinx/kotlinx-serialization-core/1.4.0/kotlinx-serialization-core-1.4.0.pom to /home/runner/.gradle/.tmp/gradle_download18359560046634282442bin
[        ] Downloading https://repo.maven.apache.org/maven2/org/jetbrains/kotlinx/kotlinx-serialization-core/1.4.0/kotlinx-serialization-core-1.4.0.module to /home/runner/.gradle/.tmp/gradle_download14799329657342879758bin
[        ] Resource missing. [HTTP GET: https://dl.google.com/dl/android/maven2/org/jetbrains/kotlin/kotlin-stdlib-jdk8/1.8.0/kotlin-stdlib-jdk8-1.8.0.pom]
[        ] Resource missing. [HTTP GET: https://dl.google.com/dl/android/maven2/org/jetbrains/kotlin/kotlin-stdlib-common/1.9.24/kotlin-stdlib-common-1.9.24.pom]
[        ] Downloading https://repo.maven.apache.org/maven2/org/jetbrains/kotlin/kotlin-stdlib-common/1.9.24/kotlin-stdlib-common-1.9.24.pom to /home/runner/.gradle/.tmp/gradle_download8111232117777930256bin
[        ] Downloading https://repo.maven.apache.org/maven2/org/jetbrains/kotlin/kotlin-stdlib-jdk8/1.8.0/kotlin-stdlib-jdk8-1.8.0.pom to /home/runner/.gradle/.tmp/gradle_download2476048366076748814bin
[        ] Downloading https://repo.maven.apache.org/maven2/org/jetbrains/kotlin/kotlin-stdlib-common/1.9.24/kotlin-stdlib-common-1.9.24.module to /home/runner/.gradle/.tmp/gradle_download16992779606537948912bin
[        ] Resource missing. [HTTP GET: https://dl.google.com/dl/android/maven2/org/jetbrains/kotlin/kotlin-util-io/2.0.0/kotlin-util-io-2.0.0.pom]
[        ] Resource missing. [HTTP GET: https://dl.google.com/dl/android/maven2/org/jetbrains/kotlin/kotlin-util-klib/2.0.0/kotlin-util-klib-2.0.0.pom]
[        ] Downloading https://repo.maven.apache.org/maven2/org/jetbrains/kotlin/kotlin-util-io/2.0.0/kotlin-util-io-2.0.0.pom to /home/runner/.gradle/.tmp/gradle_download8634730349990321394bin
[        ] Downloading https://repo.maven.apache.org/maven2/org/jetbrains/kotlin/kotlin-util-klib/2.0.0/kotlin-util-klib-2.0.0.pom to /home/runner/.gradle/.tmp/gradle_download7352286854518130536bin
[        ] Resource missing. [HTTP GET: https://dl.google.com/dl/android/maven2/org/jetbrains/kotlinx/kotlinx-serialization-core-jvm/1.4.0/kotlinx-serialization-core-jvm-1.4.0.pom]
[        ] Downloading https://repo.maven.apache.org/maven2/org/jetbrains/kotlinx/kotlinx-serialization-core-jvm/1.4.0/kotlinx-serialization-core-jvm-1.4.0.pom to /home/runner/.gradle/.tmp/gradle_download11579167691538119033bin
[        ] Downloading https://repo.maven.apache.org/maven2/org/jetbrains/kotlinx/kotlinx-serialization-core-jvm/1.4.0/kotlinx-serialization-core-jvm-1.4.0.module to /home/runner/.gradle/.tmp/gradle_download856090999545729323bin
[        ] Resource missing. [HTTP GET: https://dl.google.com/dl/android/maven2/org/jetbrains/kotlin/kotlin-stdlib-jdk7/1.8.0/kotlin-stdlib-jdk7-1.8.0.pom]
[        ] Downloading https://repo.maven.apache.org/maven2/org/jetbrains/kotlin/kotlin-stdlib-jdk7/1.8.0/kotlin-stdlib-jdk7-1.8.0.pom to /home/runner/.gradle/.tmp/gradle_download5432615337527523524bin
[        ] Downloading https://dl.google.com/dl/android/maven2/com/android/tools/build/gradle/8.11.1/gradle-8.11.1.jar to /home/runner/.gradle/.tmp/gradle_download5628725509264721622bin
[        ] Downloading https://repo.maven.apache.org/maven2/org/jetbrains/kotlinx/kotlinx-serialization-json-jvm/1.4.0/kotlinx-serialization-json-jvm-1.4.0.jar to /home/runner/.gradle/.tmp/gradle_download552116076516334008bin
[        ] Downloading https://repo.maven.apache.org/maven2/org/jetbrains/kotlin/kotlin-reflect/1.9.22/kotlin-reflect-1.9.22.jar to /home/runner/.gradle/.tmp/gradle_download8610187575567558193bin
[        ] Downloading https://dl.google.com/dl/android/maven2/androidx/annotation/annotation-jvm/1.9.1/annotation-jvm-1.9.1.jar to /home/runner/.gradle/.tmp/gradle_download6885710701042885139bin
[        ] Downloading https://repo.maven.apache.org/maven2/org/jetbrains/kotlinx/kotlinx-serialization-core-jvm/1.4.0/kotlinx-serialization-core-jvm-1.4.0.jar to /home/runner/.gradle/.tmp/gradle_download15215381419553509858bin
[        ] Downloading https://repo.maven.apache.org/maven2/org/jetbrains/kotlin/kotlin-stdlib-jdk7/1.8.0/kotlin-stdlib-jdk7-1.8.0.jar to /home/runner/.gradle/.tmp/gradle_download9886782787670410274bin
[        ] Downloading https://repo.maven.apache.org/maven2/org/jetbrains/kotlin/kotlin-stdlib-jdk8/1.8.0/kotlin-stdlib-jdk8-1.8.0.jar to /home/runner/.gradle/.tmp/gradle_download10116713666348596673bin
[        ] Downloading https://repo.maven.apache.org/maven2/org/jetbrains/kotlin/kotlin-stdlib/1.9.24/kotlin-stdlib-1.9.24.jar to /home/runner/.gradle/.tmp/gradle_download11563732946067667299bin
[        ] Downloading https://repo.maven.apache.org/maven2/org/jetbrains/kotlin/kotlin-gradle-plugin-api/2.0.0/kotlin-gradle-plugin-api-2.0.0.jar to /home/runner/.gradle/.tmp/gradle_download9869182776477568803bin
[        ] Downloading https://repo.maven.apache.org/maven2/org/jetbrains/kotlin/kotlin-gradle-plugin-model/2.0.0/kotlin-gradle-plugin-model-2.0.0.jar to /home/runner/.gradle/.tmp/gradle_download17188749899051264950bin
[        ] Downloading https://repo.maven.apache.org/maven2/org/jetbrains/kotlin/kotlin-gradle-plugin/2.0.0/kotlin-gradle-plugin-2.0.0-gradle85.jar to /home/runner/.gradle/.tmp/gradle_download9640620178432051585bin
[        ] Downloading https://dl.google.com/dl/android/maven2/com/android/tools/build/builder/8.11.1/builder-8.11.1.jar to /home/runner/.gradle/.tmp/gradle_download7326553840043309179bin
[        ] Downloading https://dl.google.com/dl/android/maven2/com/android/tools/build/builder-model/8.11.1/builder-model-8.11.1.jar to /home/runner/.gradle/.tmp/gradle_download9630793056141215519bin
[        ] Downloading https://dl.google.com/dl/android/maven2/com/android/tools/build/gradle-api/8.11.1/gradle-api-8.11.1.jar to /home/runner/.gradle/.tmp/gradle_download615662269013389268bin
[        ] Found locally available resource with matching checksum: [https://repo.maven.apache.org/maven2/org/jetbrains/annotations/13.0/annotations-13.0.jar, /home/runner/.gradle/caches/modules-2/files-2.1/org.jetbrains/annotations/13.0/919f0dfe192fb4e063e7dacadee7f8bb9a2672a9/annotations-13.0.jar]
[        ] Downloading https://dl.google.com/dl/android/maven2/com/android/tools/build/manifest-merger/31.11.1/manifest-merger-31.11.1.jar to /home/runner/.gradle/.tmp/gradle_download12796565693405745159bin
[        ] Downloading https://dl.google.com/dl/android/maven2/com/android/zipflinger/8.11.1/zipflinger-8.11.1.jar to /home/runner/.gradle/.tmp/gradle_download12841863542534916422bin
[        ] Downloading https://dl.google.com/dl/android/maven2/com/android/tools/build/apksig/8.11.1/apksig-8.11.1.jar to /home/runner/.gradle/.tmp/gradle_download1975794799957663081bin
[        ] Downloading https://dl.google.com/dl/android/maven2/com/android/tools/build/apkzlib/8.11.1/apkzlib-8.11.1.jar to /home/runner/.gradle/.tmp/gradle_download10516481578535930874bin
[        ] Downloading https://repo.maven.apache.org/maven2/org/ow2/asm/asm/9.7.1/asm-9.7.1.jar to /home/runner/.gradle/.tmp/gradle_download3681913058468262267bin
[        ] Downloading https://repo.maven.apache.org/maven2/com/squareup/javawriter/2.5.0/javawriter-2.5.0.jar to /home/runner/.gradle/.tmp/gradle_download13208639544332762490bin
[        ] Downloading https://repo.maven.apache.org/maven2/org/jetbrains/kotlin/kotlin-tooling-core/2.0.0/kotlin-tooling-core-2.0.0.jar to /home/runner/.gradle/.tmp/gradle_download16376559785543673386bin
[        ] Downloading https://repo.maven.apache.org/maven2/org/jetbrains/kotlin/kotlin-gradle-plugin-annotations/2.0.0/kotlin-gradle-plugin-annotations-2.0.0.jar to /home/runner/.gradle/.tmp/gradle_download13537269668401885239bin
[        ] Downloading https://repo.maven.apache.org/maven2/org/jetbrains/kotlin/kotlin-native-utils/2.0.0/kotlin-native-utils-2.0.0.jar to /home/runner/.gradle/.tmp/gradle_download6872207578510562490bin
[        ] Downloading https://repo.maven.apache.org/maven2/org/jetbrains/kotlin/kotlin-util-klib/2.0.0/kotlin-util-klib-2.0.0.jar to /home/runner/.gradle/.tmp/gradle_download16641731837215780898bin
[        ] Downloading https://repo.maven.apache.org/maven2/org/jetbrains/kotlin/kotlin-util-io/2.0.0/kotlin-util-io-2.0.0.jar to /home/runner/.gradle/.tmp/gradle_download215338235253065288bin
[        ] Resource missing. [HTTP GET: https://dl.google.com/dl/android/maven2/org/jetbrains/kotlin/kotlin-build-tools-impl/2.2.20/kotlin-build-tools-impl-2.2.20.pom]
[        ] Downloading https://repo.maven.apache.org/maven2/org/jetbrains/kotlin/kotlin-build-tools-impl/2.2.20/kotlin-build-tools-impl-2.2.20.pom to /home/runner/.gradle/.tmp/gradle_download8712825066582913686bin
[        ] Resource missing. [HTTP HEAD: https://dl.google.com/dl/android/maven2/org/jetbrains/kotlin/kotlin-build-tools-api/2.2.20/kotlin-build-tools-api-2.2.20.pom]
[        ] Found locally available resource with matching checksum: [https://repo.maven.apache.org/maven2/org/jetbrains/kotlin/kotlin-build-tools-api/2.2.20/kotlin-build-tools-api-2.2.20.pom, /home/runner/.gradle/caches/modules-2/files-2.1/org.jetbrains.kotlin/kotlin-build-tools-api/2.2.20/bb2d89f270b2daf77955290e9678318c5733bde2/kotlin-build-tools-api-2.2.20.pom]
[        ] Resource missing. [HTTP HEAD: https://dl.google.com/dl/android/maven2/org/jetbrains/kotlin/kotlin-compiler-runner/2.2.20/kotlin-compiler-runner-2.2.20.pom]
[        ] Resource missing. [HTTP GET: https://dl.google.com/dl/android/maven2/org/jetbrains/kotlin/kotlin-compiler-embeddable/2.2.20/kotlin-compiler-embeddable-2.2.20.pom]
[        ] Resource missing. [HTTP GET: https://dl.google.com/dl/android/maven2/org/jetbrains/kotlin/kotlin-stdlib/2.2.20/kotlin-stdlib-2.2.20.pom]
[        ] Resource missing. [HTTP GET: https://dl.google.com/dl/android/maven2/org/jetbrains/kotlin/kotlin-scripting-compiler-embeddable/2.2.20/kotlin-scripting-compiler-embeddable-2.2.20.pom]
[        ] Found locally available resource with matching checksum: [https://repo.maven.apache.org/maven2/org/jetbrains/kotlin/kotlin-compiler-runner/2.2.20/kotlin-compiler-runner-2.2.20.pom, /home/runner/.gradle/caches/modules-2/files-2.1/org.jetbrains.kotlin/kotlin-compiler-runner/2.2.20/d53ef74d93706ee96b61e17d928e5044663c5206/kotlin-compiler-runner-2.2.20.pom]
[        ] Resource missing. [HTTP GET: https://dl.google.com/dl/android/maven2/org/jetbrains/kotlin/kotlin-scripting-compiler-impl-embeddable/2.2.20/kotlin-scripting-compiler-impl-embeddable-2.2.20.pom]
[        ] Downloading https://repo.maven.apache.org/maven2/org/jetbrains/kotlin/kotlin-compiler-embeddable/2.2.20/kotlin-compiler-embeddable-2.2.20.pom to /home/runner/.gradle/.tmp/gradle_download12539144313994621097bin
[        ] Downloading https://repo.maven.apache.org/maven2/org/jetbrains/kotlin/kotlin-stdlib/2.2.20/kotlin-stdlib-2.2.20.pom to /home/runner/.gradle/.tmp/gradle_download1506383457101276300bin
[        ] Downloading https://repo.maven.apache.org/maven2/org/jetbrains/kotlin/kotlin-scripting-compiler-embeddable/2.2.20/kotlin-scripting-compiler-embeddable-2.2.20.pom to /home/runner/.gradle/.tmp/gradle_download16575690977099448733bin
[        ] Downloading https://repo.maven.apache.org/maven2/org/jetbrains/kotlin/kotlin-scripting-compiler-impl-embeddable/2.2.20/kotlin-scripting-compiler-impl-embeddable-2.2.20.pom to /home/runner/.gradle/.tmp/gradle_download10629937683750054585bin
[        ] Downloading https://repo.maven.apache.org/maven2/org/jetbrains/kotlin/kotlin-stdlib/2.2.20/kotlin-stdlib-2.2.20.module to /home/runner/.gradle/.tmp/gradle_download17985950376616677440bin
[        ] Resource missing. [HTTP GET: https://dl.google.com/dl/android/maven2/org/jetbrains/kotlin/kotlin-script-runtime/2.2.20/kotlin-script-runtime-2.2.20.pom]
[        ] Resource missing. [HTTP GET: https://dl.google.com/dl/android/maven2/org/jetbrains/kotlin/kotlin-daemon-embeddable/2.2.20/kotlin-daemon-embeddable-2.2.20.pom]
[        ] Resource missing. [HTTP GET: https://dl.google.com/dl/android/maven2/org/jetbrains/kotlin/kotlin-reflect/1.6.10/kotlin-reflect-1.6.10.pom]
[        ] Resource missing. [HTTP HEAD: https://dl.google.com/dl/android/maven2/org/jetbrains/kotlinx/kotlinx-coroutines-core-jvm/1.8.0/kotlinx-coroutines-core-jvm-1.8.0.pom]
[        ] Downloading https://repo.maven.apache.org/maven2/org/jetbrains/kotlin/kotlin-script-runtime/2.2.20/kotlin-script-runtime-2.2.20.pom to /home/runner/.gradle/.tmp/gradle_download18412317562746403657bin
[        ] Downloading https://repo.maven.apache.org/maven2/org/jetbrains/kotlin/kotlin-daemon-embeddable/2.2.20/kotlin-daemon-embeddable-2.2.20.pom to /home/runner/.gradle/.tmp/gradle_download11886184405964385735bin
[        ] Downloading https://repo.maven.apache.org/maven2/org/jetbrains/kotlin/kotlin-reflect/1.6.10/kotlin-reflect-1.6.10.pom to /home/runner/.gradle/.tmp/gradle_download9428812169047582369bin
[        ] Found locally available resource with matching checksum: [https://repo.maven.apache.org/maven2/org/jetbrains/kotlinx/kotlinx-coroutines-core-jvm/1.8.0/kotlinx-coroutines-core-jvm-1.8.0.pom, /home/runner/.gradle/caches/modules-2/files-2.1/org.jetbrains.kotlinx/kotlinx-coroutines-core-jvm/1.8.0/e780ad230da743bcd753190ac043e58e3187c591/kotlinx-coroutines-core-jvm-1.8.0.pom]
[        ] Resource missing. [HTTP HEAD: https://dl.google.com/dl/android/maven2/org/jetbrains/kotlinx/kotlinx-coroutines-bom/1.8.0/kotlinx-coroutines-bom-1.8.0.pom]
[        ] Found locally available resource with matching checksum: [https://repo.maven.apache.org/maven2/org/jetbrains/kotlinx/kotlinx-coroutines-bom/1.8.0/kotlinx-coroutines-bom-1.8.0.pom, /home/runner/.gradle/caches/modules-2/files-2.1/org.jetbrains.kotlinx/kotlinx-coroutines-bom/1.8.0/ffe074f050e215c80d7d76f740f8c1095a8da403/kotlinx-coroutines-bom-1.8.0.pom]
[        ] Found locally available resource with matching checksum: [https://repo.maven.apache.org/maven2/org/jetbrains/kotlinx/kotlinx-coroutines-core-jvm/1.8.0/kotlinx-coroutines-core-jvm-1.8.0.module, /home/runner/.gradle/caches/modules-2/files-2.1/org.jetbrains.kotlinx/kotlinx-coroutines-core-jvm/1.8.0/514090b64cfb8bf6bf3bd9a3a3d2baa721bdb421/kotlinx-coroutines-core-jvm-1.8.0.module]
[  +88 ms] Resource missing. [HTTP HEAD: https://dl.google.com/dl/android/maven2/org/jetbrains/kotlin/kotlin-daemon-client/2.2.20/kotlin-daemon-client-2.2.20.pom]
[        ] Found locally available resource with matching checksum: [https://repo.maven.apache.org/maven2/org/jetbrains/kotlin/kotlin-daemon-client/2.2.20/kotlin-daemon-client-2.2.20.pom, /home/runner/.gradle/caches/modules-2/files-2.1/org.jetbrains.kotlin/kotlin-daemon-client/2.2.20/fcd72f83a3da9386e74834718f14f3b7a37923e9/kotlin-daemon-client-2.2.20.pom]
[        ] Resource missing. [HTTP GET: https://dl.google.com/dl/android/maven2/org/jetbrains/kotlin/kotlin-scripting-common/2.2.20/kotlin-scripting-common-2.2.20.pom]
[        ] Resource missing. [HTTP GET: https://dl.google.com/dl/android/maven2/org/jetbrains/kotlin/kotlin-scripting-jvm/2.2.20/kotlin-scripting-jvm-2.2.20.pom]
[        ] Downloading https://repo.maven.apache.org/maven2/org/jetbrains/kotlin/kotlin-scripting-common/2.2.20/kotlin-scripting-common-2.2.20.pom to /home/runner/.gradle/.tmp/gradle_download12339152099822365092bin
[        ] Downloading https://repo.maven.apache.org/maven2/org/jetbrains/kotlin/kotlin-scripting-jvm/2.2.20/kotlin-scripting-jvm-2.2.20.pom to /home/runner/.gradle/.tmp/gradle_download2189318707068476108bin
[        ] Found locally available resource with matching checksum: [https://repo.maven.apache.org/maven2/org/jetbrains/kotlin/kotlin-build-tools-api/2.2.20/kotlin-build-tools-api-2.2.20.jar, /home/runner/.gradle/caches/modules-2/files-2.1/org.jetbrains.kotlin/kotlin-build-tools-api/2.2.20/d5517ea764cf72042e5fadbcd48152998d151082/kotlin-build-tools-api-2.2.20.jar]
[        ] Found locally available resource with matching checksum: [https://repo.maven.apache.org/maven2/org/jetbrains/kotlin/kotlin-compiler-runner/2.2.20/kotlin-compiler-runner-2.2.20.jar, /home/runner/.gradle/caches/modules-2/files-2.1/org.jetbrains.kotlin/kotlin-compiler-runner/2.2.20/72475464f90c5f5aae5072edc60c2b29a8353f63/kotlin-compiler-runner-2.2.20.jar]
[  +98 ms] Downloading https://repo.maven.apache.org/maven2/org/jetbrains/kotlin/kotlin-compiler-embeddable/2.2.20/kotlin-compiler-embeddable-2.2.20.jar to /home/runner/.gradle/.tmp/gradle_download18422366424811389747bin
[        ] Downloading https://repo.maven.apache.org/maven2/org/jetbrains/kotlin/kotlin-build-tools-impl/2.2.20/kotlin-build-tools-impl-2.2.20.jar to /home/runner/.gradle/.tmp/gradle_download6126993631852892946bin
[        ] Downloading https://repo.maven.apache.org/maven2/org/jetbrains/kotlin/kotlin-scripting-compiler-impl-embeddable/2.2.20/kotlin-scripting-compiler-impl-embeddable-2.2.20.jar to /home/runner/.gradle/.tmp/gradle_download12408726912830804101bin
[        ] Downloading https://repo.maven.apache.org/maven2/org/jetbrains/kotlin/kotlin-scripting-compiler-embeddable/2.2.20/kotlin-scripting-compiler-embeddable-2.2.20.jar to /home/runner/.gradle/.tmp/gradle_download11708826588391740648bin
[        ] Found locally available resource with matching checksum: [https://repo.maven.apache.org/maven2/org/jetbrains/kotlin/kotlin-daemon-client/2.2.20/kotlin-daemon-client-2.2.20.jar, /home/runner/.gradle/caches/modules-2/files-2.1/org.jetbrains.kotlin/kotlin-daemon-client/2.2.20/1a5198f177c695bba2473b60d08f86471f4542cf/kotlin-daemon-client-2.2.20.jar]
[        ] Downloading https://repo.maven.apache.org/maven2/org/jetbrains/kotlin/kotlin-scripting-common/2.2.20/kotlin-scripting-common-2.2.20.jar to /home/runner/.gradle/.tmp/gradle_download13799461237305879626bin
[        ] Downloading https://repo.maven.apache.org/maven2/org/jetbrains/kotlin/kotlin-scripting-jvm/2.2.20/kotlin-scripting-jvm-2.2.20.jar to /home/runner/.gradle/.tmp/gradle_download14496074657495059327bin
[        ] Downloading https://repo.maven.apache.org/maven2/org/jetbrains/kotlin/kotlin-stdlib/2.2.20/kotlin-stdlib-2.2.20.jar to /home/runner/.gradle/.tmp/gradle_download15475053777066808760bin
[        ] Downloading https://repo.maven.apache.org/maven2/org/jetbrains/kotlin/kotlin-script-runtime/2.2.20/kotlin-script-runtime-2.2.20.jar to /home/runner/.gradle/.tmp/gradle_download6114509194464498029bin
[        ] Downloading https://repo.maven.apache.org/maven2/org/jetbrains/kotlin/kotlin-daemon-embeddable/2.2.20/kotlin-daemon-embeddable-2.2.20.jar to /home/runner/.gradle/.tmp/gradle_download15217154734334122169bin
[        ] Downloading https://repo.maven.apache.org/maven2/org/jetbrains/kotlin/kotlin-reflect/1.6.10/kotlin-reflect-1.6.10.jar to /home/runner/.gradle/.tmp/gradle_download9110073630794824199bin
[        ] Found locally available resource with matching checksum: [https://repo.maven.apache.org/maven2/org/jetbrains/kotlinx/kotlinx-coroutines-core-jvm/1.8.0/kotlinx-coroutines-core-jvm-1.8.0.jar, /home/runner/.gradle/caches/modules-2/files-2.1/org.jetbrains.kotlinx/kotlinx-coroutines-core-jvm/1.8.0/ac1dc37a30a93150b704022f8d895ee1bd3a36b3/kotlinx-coroutines-core-jvm-1.8.0.jar]
[+2198 ms] Transforming gradle-api-8.7.jar with BuildToolsApiClasspathEntrySnapshotTransform
[        ] Transforming groovy-3.0.17.jar with BuildToolsApiClasspathEntrySnapshotTransform
[        ] Transforming groovy-ant-3.0.17.jar with BuildToolsApiClasspathEntrySnapshotTransform
[        ] Transforming groovy-astbuilder-3.0.17.jar with BuildToolsApiClasspathEntrySnapshotTransform
[        ] Transforming groovy-console-3.0.17.jar with BuildToolsApiClasspathEntrySnapshotTransform
[        ] Transforming groovy-datetime-3.0.17.jar with BuildToolsApiClasspathEntrySnapshotTransform
[        ] Transforming groovy-dateutil-3.0.17.jar with BuildToolsApiClasspathEntrySnapshotTransform
[        ] Transforming groovy-groovydoc-3.0.17.jar with BuildToolsApiClasspathEntrySnapshotTransform
[        ] Transforming groovy-json-3.0.17.jar with BuildToolsApiClasspathEntrySnapshotTransform
[        ] Transforming groovy-nio-3.0.17.jar with BuildToolsApiClasspathEntrySnapshotTransform
[        ] Transforming groovy-sql-3.0.17.jar with BuildToolsApiClasspathEntrySnapshotTransform
[        ] Transforming groovy-templates-3.0.17.jar with BuildToolsApiClasspathEntrySnapshotTransform
[        ] Transforming groovy-test-3.0.17.jar with BuildToolsApiClasspathEntrySnapshotTransform
[        ] Transforming groovy-xml-3.0.17.jar with BuildToolsApiClasspathEntrySnapshotTransform
[        ] Transforming javaparser-core-3.17.0.jar with BuildToolsApiClasspathEntrySnapshotTransform
[        ] Transforming kotlin-stdlib-1.9.22.jar with BuildToolsApiClasspathEntrySnapshotTransform
[        ] Caching disabled for BuildToolsApiClasspathEntrySnapshotTransform: /home/runner/.gradle/caches/8.7/generated-gradle-jars/gradle-api-8.7.jar because:
[        ]   Build cache is disabled
[        ] Transforming kotlin-reflect-1.9.22.jar with BuildToolsApiClasspathEntrySnapshotTransform
[        ] Transforming gradle-installation-beacon-8.7.jar with BuildToolsApiClasspathEntrySnapshotTransform
[        ] Transforming gradle-kotlin-dsl-extensions-8.7.jar with BuildToolsApiClasspathEntrySnapshotTransform
[        ] Transforming gradle-kotlin-dsl-8.7.jar with BuildToolsApiClasspathEntrySnapshotTransform
[        ] Transforming gradle-kotlin-dsl-shared-runtime-8.7.jar with BuildToolsApiClasspathEntrySnapshotTransform
[        ] Transforming gradle-kotlin-dsl-tooling-models-8.7.jar with BuildToolsApiClasspathEntrySnapshotTransform
[        ] Transforming annotation-jvm-1.9.1.jar with BuildToolsApiClasspathEntrySnapshotTransform
[        ] Transforming gradle-8.11.1.jar with BuildToolsApiClasspathEntrySnapshotTransform
[        ] Caching disabled for BuildToolsApiClasspathEntrySnapshotTransform: /home/runner/.gradle/wrapper/dists/gradle-8.7-all/aan3ydargesu18aqyqjwhr3pc/gradle-8.7/lib/groovy-3.0.17.jar because:
[        ]   Build cache is disabled
[        ] Caching disabled for BuildToolsApiClasspathEntrySnapshotTransform: /home/runner/.gradle/wrapper/dists/gradle-8.7-all/aan3ydargesu18aqyqjwhr3pc/gradle-8.7/lib/groovy-ant-3.0.17.jar because:
[        ]   Build cache is disabled
[        ] Transforming kotlin-reflect-1.9.22.jar with BuildToolsApiClasspathEntrySnapshotTransform
[        ] Transforming kotlinx-serialization-json-jvm-1.4.0.jar with BuildToolsApiClasspathEntrySnapshotTransform
[        ] Transforming kotlinx-serialization-core-jvm-1.4.0.jar with BuildToolsApiClasspathEntrySnapshotTransform
[        ] Transforming kotlin-stdlib-jdk8-1.8.0.jar with BuildToolsApiClasspathEntrySnapshotTransform
[        ] Transforming kotlin-stdlib-jdk7-1.8.0.jar with BuildToolsApiClasspathEntrySnapshotTransform
[        ] Transforming kotlin-stdlib-1.9.24.jar with BuildToolsApiClasspathEntrySnapshotTransform
[        ] Transforming kotlin-gradle-plugin-model-2.0.0.jar with BuildToolsApiClasspathEntrySnapshotTransform
[        ] Transforming kotlin-gradle-plugin-api-2.0.0.jar with BuildToolsApiClasspathEntrySnapshotTransform
[        ] Transforming kotlin-gradle-plugin-2.0.0-gradle85.jar with BuildToolsApiClasspathEntrySnapshotTransform
[  +96 ms] Transforming builder-8.11.1.jar with BuildToolsApiClasspathEntrySnapshotTransform
[   +1 ms] Transforming builder-model-8.11.1.jar with BuildToolsApiClasspathEntrySnapshotTransform
[        ] Transforming gradle-api-8.11.1.jar with BuildToolsApiClasspathEntrySnapshotTransform
[        ] Transforming annotations-13.0.jar with BuildToolsApiClasspathEntrySnapshotTransform
[        ] Transforming manifest-merger-31.11.1.jar with BuildToolsApiClasspathEntrySnapshotTransform
[        ] Transforming zipflinger-8.11.1.jar with BuildToolsApiClasspathEntrySnapshotTransform
[        ] Transforming apksig-8.11.1.jar with BuildToolsApiClasspathEntrySnapshotTransform
[        ] Transforming apkzlib-8.11.1.jar with BuildToolsApiClasspathEntrySnapshotTransform
[        ] Transforming javawriter-2.5.0.jar with BuildToolsApiClasspathEntrySnapshotTransform
[        ] Transforming asm-9.7.1.jar with BuildToolsApiClasspathEntrySnapshotTransform
[        ] Transforming kotlin-gradle-plugin-annotations-2.0.0.jar with BuildToolsApiClasspathEntrySnapshotTransform
[        ] Transforming kotlin-native-utils-2.0.0.jar with BuildToolsApiClasspathEntrySnapshotTransform
[        ] Transforming kotlin-tooling-core-2.0.0.jar with BuildToolsApiClasspathEntrySnapshotTransform
[        ] Transforming kotlin-util-klib-2.0.0.jar with BuildToolsApiClasspathEntrySnapshotTransform
[        ] Transforming kotlin-util-io-2.0.0.jar with BuildToolsApiClasspathEntrySnapshotTransform
[        ] Caching disabled for BuildToolsApiClasspathEntrySnapshotTransform: /home/runner/.gradle/wrapper/dists/gradle-8.7-all/aan3ydargesu18aqyqjwhr3pc/gradle-8.7/lib/groovy-astbuilder-3.0.17.jar because:
[        ]   Build cache is disabled
[  +96 ms] Caching disabled for BuildToolsApiClasspathEntrySnapshotTransform: /home/runner/.gradle/wrapper/dists/gradle-8.7-all/aan3ydargesu18aqyqjwhr3pc/gradle-8.7/lib/groovy-datetime-3.0.17.jar because:
[        ]   Build cache is disabled
[        ] Caching disabled for BuildToolsApiClasspathEntrySnapshotTransform: /home/runner/.gradle/wrapper/dists/gradle-8.7-all/aan3ydargesu18aqyqjwhr3pc/gradle-8.7/lib/groovy-console-3.0.17.jar because:
[        ]   Build cache is disabled
[        ] Caching disabled for BuildToolsApiClasspathEntrySnapshotTransform: /home/runner/.gradle/wrapper/dists/gradle-8.7-all/aan3ydargesu18aqyqjwhr3pc/gradle-8.7/lib/groovy-dateutil-3.0.17.jar because:
[        ]   Build cache is disabled
[ +103 ms] Caching disabled for BuildToolsApiClasspathEntrySnapshotTransform: /home/runner/.gradle/wrapper/dists/gradle-8.7-all/aan3ydargesu18aqyqjwhr3pc/gradle-8.7/lib/groovy-groovydoc-3.0.17.jar because:
[        ]   Build cache is disabled
[        ] Caching disabled for BuildToolsApiClasspathEntrySnapshotTransform: /home/runner/.gradle/wrapper/dists/gradle-8.7-all/aan3ydargesu18aqyqjwhr3pc/gradle-8.7/lib/groovy-json-3.0.17.jar because:
[        ]   Build cache is disabled
[        ] Caching disabled for BuildToolsApiClasspathEntrySnapshotTransform: /home/runner/.gradle/wrapper/dists/gradle-8.7-all/aan3ydargesu18aqyqjwhr3pc/gradle-8.7/lib/groovy-nio-3.0.17.jar because:
[        ]   Build cache is disabled
[        ] Caching disabled for BuildToolsApiClasspathEntrySnapshotTransform: /home/runner/.gradle/wrapper/dists/gradle-8.7-all/aan3ydargesu18aqyqjwhr3pc/gradle-8.7/lib/groovy-sql-3.0.17.jar because:
[        ]   Build cache is disabled
[        ] Caching disabled for BuildToolsApiClasspathEntrySnapshotTransform: /home/runner/.gradle/wrapper/dists/gradle-8.7-all/aan3ydargesu18aqyqjwhr3pc/gradle-8.7/lib/groovy-templates-3.0.17.jar because:
[        ]   Build cache is disabled
[  +94 ms] Caching disabled for BuildToolsApiClasspathEntrySnapshotTransform: /home/runner/.gradle/wrapper/dists/gradle-8.7-all/aan3ydargesu18aqyqjwhr3pc/gradle-8.7/lib/groovy-test-3.0.17.jar because:
[        ]   Build cache is disabled
[        ] Caching disabled for BuildToolsApiClasspathEntrySnapshotTransform: /home/runner/.gradle/wrapper/dists/gradle-8.7-all/aan3ydargesu18aqyqjwhr3pc/gradle-8.7/lib/groovy-xml-3.0.17.jar because:
[        ]   Build cache is disabled
[        ] Caching disabled for BuildToolsApiClasspathEntrySnapshotTransform: /home/runner/.gradle/wrapper/dists/gradle-8.7-all/aan3ydargesu18aqyqjwhr3pc/gradle-8.7/lib/javaparser-core-3.17.0.jar because:
[        ]   Build cache is disabled
[        ] Caching disabled for BuildToolsApiClasspathEntrySnapshotTransform: /home/runner/.gradle/wrapper/dists/gradle-8.7-all/aan3ydargesu18aqyqjwhr3pc/gradle-8.7/lib/kotlin-stdlib-1.9.22.jar because:
[        ]   Build cache is disabled
[ +199 ms] Caching disabled for BuildToolsApiClasspathEntrySnapshotTransform: /home/runner/.gradle/wrapper/dists/gradle-8.7-all/aan3ydargesu18aqyqjwhr3pc/gradle-8.7/lib/kotlin-reflect-1.9.22.jar because:
[        ]   Build cache is disabled
[ +499 ms] Caching disabled for BuildToolsApiClasspathEntrySnapshotTransform: /home/runner/.gradle/wrapper/dists/gradle-8.7-all/aan3ydargesu18aqyqjwhr3pc/gradle-8.7/lib/gradle-installation-beacon-8.7.jar because:
[        ]   Build cache is disabled
[        ] Caching disabled for BuildToolsApiClasspathEntrySnapshotTransform: /home/runner/.gradle/wrapper/dists/gradle-8.7-all/aan3ydargesu18aqyqjwhr3pc/gradle-8.7/lib/gradle-kotlin-dsl-extensions-8.7.jar because:
[        ]   Build cache is disabled
[        ] Caching disabled for BuildToolsApiClasspathEntrySnapshotTransform: /home/runner/.gradle/wrapper/dists/gradle-8.7-all/aan3ydargesu18aqyqjwhr3pc/gradle-8.7/lib/gradle-kotlin-dsl-8.7.jar because:
[        ]   Build cache is disabled
[ +101 ms] Caching disabled for BuildToolsApiClasspathEntrySnapshotTransform: /home/runner/.gradle/wrapper/dists/gradle-8.7-all/aan3ydargesu18aqyqjwhr3pc/gradle-8.7/lib/gradle-kotlin-dsl-shared-runtime-8.7.jar because:
[        ]   Build cache is disabled
[        ] Caching disabled for BuildToolsApiClasspathEntrySnapshotTransform: /home/runner/.gradle/wrapper/dists/gradle-8.7-all/aan3ydargesu18aqyqjwhr3pc/gradle-8.7/lib/gradle-kotlin-dsl-tooling-models-8.7.jar because:
[        ]   Build cache is disabled
[        ] Caching disabled for BuildToolsApiClasspathEntrySnapshotTransform: /home/runner/.gradle/caches/modules-2/files-2.1/androidx.annotation/annotation-jvm/1.9.1/b17951747e38bf3986a24431b9ba0d039958aa5f/annotation-jvm-1.9.1.jar because:
[        ]   Build cache is disabled
[ +297 ms] Caching disabled for BuildToolsApiClasspathEntrySnapshotTransform: /home/runner/.gradle/caches/modules-2/files-2.1/org.jetbrains.kotlinx/kotlinx-serialization-json-jvm/1.4.0/cfa3e57d044a20e5c9e4561a997df823e2f1c81a/kotlinx-serialization-json-jvm-1.4.0.jar because:
[        ]   Build cache is disabled
[        ] Caching disabled for BuildToolsApiClasspathEntrySnapshotTransform: /home/runner/.gradle/caches/modules-2/files-2.1/org.jetbrains.kotlinx/kotlinx-serialization-core-jvm/1.4.0/9b00d574374ae0201a505ab54c7744586866dc27/kotlinx-serialization-core-jvm-1.4.0.jar because:
[        ]   Build cache is disabled
[ +100 ms] Caching disabled for BuildToolsApiClasspathEntrySnapshotTransform: /home/runner/.gradle/caches/modules-2/files-2.1/com.android.tools.build/gradle/8.11.1/7861a99a64716fd75ce85a3c7e2fcb3a9e928857/gradle-8.11.1.jar because:
[        ]   Build cache is disabled
[  +99 ms] Caching disabled for BuildToolsApiClasspathEntrySnapshotTransform: /home/runner/.gradle/caches/modules-2/files-2.1/org.jetbrains.kotlin/kotlin-stdlib-jdk8/1.8.0/ed04f49e186a116753ad70d34f0ac2925d1d8020/kotlin-stdlib-jdk8-1.8.0.jar because:
[        ]   Build cache is disabled
[        ] Caching disabled for BuildToolsApiClasspathEntrySnapshotTransform: /home/runner/.gradle/caches/modules-2/files-2.1/org.jetbrains.kotlin/kotlin-stdlib-jdk7/1.8.0/3c91271347f678c239607abb676d4032a7898427/kotlin-stdlib-jdk7-1.8.0.jar because:
[        ]   Build cache is disabled
[ +100 ms] Caching disabled for BuildToolsApiClasspathEntrySnapshotTransform: /home/runner/.gradle/caches/modules-2/files-2.1/org.jetbrains.kotlin/kotlin-stdlib/1.9.24/9928532f12c66ad816a625b3f9984f8368ca6d2b/kotlin-stdlib-1.9.24.jar because:
[        ]   Build cache is disabled
[        ] Caching disabled for BuildToolsApiClasspathEntrySnapshotTransform: /home/runner/.gradle/caches/modules-2/files-2.1/org.jetbrains.kotlin/kotlin-gradle-plugin-model/2.0.0/3dba7d4ff1b25d86d56074671a2024859e8c7541/kotlin-gradle-plugin-model-2.0.0.jar because:
[        ]   Build cache is disabled
[        ] Caching disabled for BuildToolsApiClasspathEntrySnapshotTransform: /home/runner/.gradle/caches/modules-2/files-2.1/org.jetbrains.kotlin/kotlin-gradle-plugin-api/2.0.0/2862373ec25875028a85c3bc3d48f94239ff30af/kotlin-gradle-plugin-api-2.0.0.jar because:
[        ]   Build cache is disabled
[ +498 ms] Caching disabled for BuildToolsApiClasspathEntrySnapshotTransform: /home/runner/.gradle/caches/modules-2/files-2.1/org.jetbrains.kotlin/kotlin-gradle-plugin/2.0.0/5c20cbfbc72e5fbecec18e540de7e5fa59205d63/kotlin-gradle-plugin-2.0.0-gradle85.jar because:
[        ]   Build cache is disabled
[+1001 ms] Caching disabled for BuildToolsApiClasspathEntrySnapshotTransform: /home/runner/.gradle/caches/modules-2/files-2.1/com.android.tools.build/builder/8.11.1/52ae05e99786bd491ad363825acbc2476c8b905/builder-8.11.1.jar because:
[        ]   Build cache is disabled
[ +696 ms] Caching disabled for BuildToolsApiClasspathEntrySnapshotTransform: /home/runner/.gradle/caches/modules-2/files-2.1/com.android.tools.build/builder-model/8.11.1/6888ed42b8bcc73e3a378048263d2cad36707494/builder-model-8.11.1.jar because:
[        ]   Build cache is disabled
[        ] Caching disabled for BuildToolsApiClasspathEntrySnapshotTransform: /home/runner/.gradle/caches/modules-2/files-2.1/com.android.tools.build/gradle-api/8.11.1/e0ce2faa3fe7331e1e6855e5aa699c650f6d56c3/gradle-api-8.11.1.jar because:
[        ]   Build cache is disabled
[  +99 ms] Caching disabled for BuildToolsApiClasspathEntrySnapshotTransform: /home/runner/.gradle/caches/modules-2/files-2.1/org.jetbrains/annotations/13.0/919f0dfe192fb4e063e7dacadee7f8bb9a2672a9/annotations-13.0.jar because:
[        ]   Build cache is disabled
[        ] Caching disabled for BuildToolsApiClasspathEntrySnapshotTransform: /home/runner/.gradle/caches/modules-2/files-2.1/com.android.tools.build/manifest-merger/31.11.1/2eb20f98b2e71c3a1a2ebe675910e6958a7e1b78/manifest-merger-31.11.1.jar because:
[        ]   Build cache is disabled
[        ] Caching disabled for BuildToolsApiClasspathEntrySnapshotTransform: /home/runner/.gradle/caches/modules-2/files-2.1/com.android/zipflinger/8.11.1/3a3b1786c331db72b9610eb1f68f0ec1ec9a1f/zipflinger-8.11.1.jar because:
[        ]   Build cache is disabled
[        ] Caching disabled for BuildToolsApiClasspathEntrySnapshotTransform: /home/runner/.gradle/caches/modules-2/files-2.1/com.android.tools.build/apksig/8.11.1/f005788487574c7d6ba23dea63bf8cb3a4f164a6/apksig-8.11.1.jar because:
[        ]   Build cache is disabled
[        ] Caching disabled for BuildToolsApiClasspathEntrySnapshotTransform: /home/runner/.gradle/caches/modules-2/files-2.1/com.android.tools.build/apkzlib/8.11.1/ea2327cd7a67c0fc9a4d26f035b922dff11c7219/apkzlib-8.11.1.jar because:
[        ]   Build cache is disabled
[        ] Caching disabled for BuildToolsApiClasspathEntrySnapshotTransform: /home/runner/.gradle/caches/modules-2/files-2.1/com.squareup/javawriter/2.5.0/81241ff7078ef14f42ea2a8995fa09c096256e6b/javawriter-2.5.0.jar because:
[        ]   Build cache is disabled
[        ] Caching disabled for BuildToolsApiClasspathEntrySnapshotTransform: /home/runner/.gradle/caches/modules-2/files-2.1/org.ow2.asm/asm/9.7.1/f0ed132a49244b042cd0e15702ab9f2ce3cc8436/asm-9.7.1.jar because:
[        ]   Build cache is disabled
[  +98 ms] Caching disabled for BuildToolsApiClasspathEntrySnapshotTransform: /home/runner/.gradle/caches/modules-2/files-2.1/org.jetbrains.kotlin/kotlin-gradle-plugin-annotations/2.0.0/4d00ed44eb30a888234724ba8ff46e1ed5c1546d/kotlin-gradle-plugin-annotations-2.0.0.jar because:
[        ]   Build cache is disabled
[        ] Caching disabled for BuildToolsApiClasspathEntrySnapshotTransform: /home/runner/.gradle/caches/modules-2/files-2.1/org.jetbrains.kotlin/kotlin-native-utils/2.0.0/39f2424147119236d6357382a4596c5104206223/kotlin-native-utils-2.0.0.jar because:
[        ]   Build cache is disabled
[        ] Caching disabled for BuildToolsApiClasspathEntrySnapshotTransform: /home/runner/.gradle/caches/modules-2/files-2.1/org.jetbrains.kotlin/kotlin-tooling-core/2.0.0/1ac0c3686d77f70bc5981872121d812dc8182935/kotlin-tooling-core-2.0.0.jar because:
[        ]   Build cache is disabled
[        ] Caching disabled for BuildToolsApiClasspathEntrySnapshotTransform: /home/runner/.gradle/caches/modules-2/files-2.1/org.jetbrains.kotlin/kotlin-util-klib/2.0.0/46dc3eecb38a50482064a141d457e25f66c74751/kotlin-util-klib-2.0.0.jar because:
[        ]   Build cache is disabled
[        ] Caching disabled for BuildToolsApiClasspathEntrySnapshotTransform: /home/runner/.gradle/caches/modules-2/files-2.1/org.jetbrains.kotlin/kotlin-util-io/2.0.0/b99cf9311bece174111296392b11c662b5fc1949/kotlin-util-io-2.0.0.jar because:
[        ]   Build cache is disabled
[+1498 ms] Resource missing. [HTTP GET: https://dl.google.com/dl/android/maven2/org/jetbrains/kotlin/kotlin-sam-with-receiver-compiler-plugin-embeddable/2.2.20/kotlin-sam-with-receiver-compiler-plugin-embeddable-2.2.20.pom]
[        ] Resource missing. [HTTP GET: https://dl.google.com/dl/android/maven2/org/jetbrains/kotlin/kotlin-assignment-compiler-plugin-embeddable/2.2.20/kotlin-assignment-compiler-plugin-embeddable-2.2.20.pom]
[  +99 ms] Downloading https://repo.maven.apache.org/maven2/org/jetbrains/kotlin/kotlin-assignment-compiler-plugin-embeddable/2.2.20/kotlin-assignment-compiler-plugin-embeddable-2.2.20.pom to /home/runner/.gradle/.tmp/gradle_download16429979796360527594bin
[        ] Downloading https://repo.maven.apache.org/maven2/org/jetbrains/kotlin/kotlin-sam-with-receiver-compiler-plugin-embeddable/2.2.20/kotlin-sam-with-receiver-compiler-plugin-embeddable-2.2.20.pom to /home/runner/.gradle/.tmp/gradle_download9061128774834070163bin
[        ] Downloading https://repo.maven.apache.org/maven2/org/jetbrains/kotlin/kotlin-assignment-compiler-plugin-embeddable/2.2.20/kotlin-assignment-compiler-plugin-embeddable-2.2.20.jar to /home/runner/.gradle/.tmp/gradle_download3606507225039097423bin
[        ] Downloading https://repo.maven.apache.org/maven2/org/jetbrains/kotlin/kotlin-sam-with-receiver-compiler-plugin-embeddable/2.2.20/kotlin-sam-with-receiver-compiler-plugin-embeddable-2.2.20.jar to /home/runner/.gradle/.tmp/gradle_download13890803811662126359bin
[        ] Caching disabled for task ':gradle:compileKotlin' because:
[        ]   Build cache is disabled
[        ] Task ':gradle:compileKotlin' is not up-to-date because:
[        ]   No history is available.
[        ] The input changes require a full rebuild for incremental task ':gradle:compileKotlin'.
[ +100 ms] file or directory '/opt/hostedtoolcache/flutter/stable-3.47.0-x64/flutter/packages/flutter_tools/gradle/src/main/java', not found
[        ] Overriding '-Xjvm-default=all' to stable compiler plugin argument '-jvm-default=no-compatibility' in the presence of 'kotlin-dsl' plugin.
[        ] file or directory '/opt/hostedtoolcache/flutter/stable-3.47.0-x64/flutter/packages/flutter_tools/gradle/src/main/java', not found
[        ] file or directory '/opt/hostedtoolcache/flutter/stable-3.47.0-x64/flutter/packages/flutter_tools/gradle/src/main/java', not found
[        ] file or directory '/opt/hostedtoolcache/flutter/stable-3.47.0-x64/flutter/packages/flutter_tools/gradle/src/main/java', not found
[        ] Kotlin source files: /opt/hostedtoolcache/flutter/stable-3.47.0-x64/flutter/packages/flutter_tools/gradle/src/main/kotlin/FlutterPluginUtils.kt, /opt/hostedtoolcache/flutter/stable-3.47.0-x64/flutter/packages/flutter_tools/gradle/src/main/kotlin/FlutterExtension.kt, /opt/hostedtoolcache/flutter/stable-3.47.0-x64/flutter/packages/flutter_tools/gradle/src/main/kotlin/VersionUtils.kt, /opt/hostedtoolcache/flutter/stable-3.47.0-x64/flutter/packages/flutter_tools/gradle/src/main/kotlin/NativePluginLoaderReflectionBridge.kt, /opt/hostedtoolcache/flutter/stable-3.47.0-x64/flutter/packages/flutter_tools/gradle/src/main/kotlin/AppLinkSettings.kt, /opt/hostedtoolcache/flutter/stable-3.47.0-x64/flutter/packages/flutter_tools/gradle/src/main/kotlin/FlutterPluginConstants.kt, /opt/hostedtoolcache/flutter/stable-3.47.0-x64/flutter/packages/flutter_tools/gradle/src/main/kotlin/plugins/PluginHandler.kt, /opt/hostedtoolcache/flutter/stable-3.47.0-x64/flutter/packages/flutter_tools/gradle/src/main/kotlin/AgpCommonExtensionWrapper.kt, /opt/hostedtoolcache/flutter/stable-3.47.0-x64/flutter/packages/flutter_tools/gradle/src/main/kotlin/IntentFilterCheck.kt, /opt/hostedtoolcache/flutter/stable-3.47.0-x64/flutter/packages/flutter_tools/gradle/src/main/kotlin/tasks/DeepLinkJsonFromManifestTask.kt, /opt/hostedtoolcache/flutter/stable-3.47.0-x64/flutter/packages/flutter_tools/gradle/src/main/kotlin/tasks/BaseFlutterTaskHelper.kt, /opt/hostedtoolcache/flutter/stable-3.47.0-x64/flutter/packages/flutter_tools/gradle/src/main/kotlin/tasks/FlutterTaskHelper.kt, /opt/hostedtoolcache/flutter/stable-3.47.0-x64/flutter/packages/flutter_tools/gradle/src/main/kotlin/tasks/ValidateCompileSdkVersionTask.kt, /opt/hostedtoolcache/flutter/stable-3.47.0-x64/flutter/packages/flutter_tools/gradle/src/main/kotlin/tasks/PrintTask.kt, /opt/hostedtoolcache/flutter/stable-3.47.0-x64/flutter/packages/flutter_tools/gradle/src/main/kotlin/tasks/DeepLinkJsonFromManifestTaskHelper.kt, /opt/hostedtoolcache/flutter/stable-3.47.0-x64/flutter/packages/flutter_tools/gradle/src/main/kotlin/tasks/BaseFlutterTask.kt, /opt/hostedtoolcache/flutter/stable-3.47.0-x64/flutter/packages/flutter_tools/gradle/src/main/kotlin/tasks/FlutterTask.kt, /opt/hostedtoolcache/flutter/stable-3.47.0-x64/flutter/packages/flutter_tools/gradle/src/main/kotlin/tasks/CopyFlutterJniLibsTask.kt, /opt/hostedtoolcache/flutter/stable-3.47.0-x64/flutter/packages/flutter_tools/gradle/src/main/kotlin/FlutterPlugin.kt, /opt/hostedtoolcache/flutter/stable-3.47.0-x64/flutter/packages/flutter_tools/gradle/src/main/kotlin/DependencyVersionChecker.kt, /opt/hostedtoolcache/flutter/stable-3.47.0-x64/flutter/packages/flutter_tools/gradle/src/main/kotlin/FlutterAppPluginLoaderPlugin.kt, /opt/hostedtoolcache/flutter/stable-3.47.0-x64/flutter/packages/flutter_tools/gradle/src/main/kotlin/Deeplink.kt, /opt/hostedtoolcache/flutter/stable-3.47.0-x64/flutter/packages/flutter_tools/gradle/src/main/kotlin/VersionFetcher.kt, /opt/hostedtoolcache/flutter/stable-3.47.0-x64/flutter/packages/flutter_tools/gradle/src/main/kotlin/BaseApplicationNameHandler.kt
[        ] Java source files: 
[        ] Script source files: 
[        ] Script file extensions: 
[        ] Using Kotlin/JVM incremental compilation
[        ] [KOTLIN] Kotlin compilation 'jdkHome' argument: /usr/lib/jvm/temurin-17-jdk-amd64
[ +197 ms] Resolve mutations for :gradle:pluginDescriptors (Thread[Execution worker Thread 3,5,main]) started.
[        ] :gradle:pluginDescriptors (Thread[Execution worker Thread 3,5,main]) started.
[  +99 ms] > Task :gradle:pluginDescriptors
[        ] Caching disabled for task ':gradle:pluginDescriptors' because:
[        ]   Build cache is disabled
[        ]   Not worth caching
[        ] Task ':gradle:pluginDescriptors' is not up-to-date because:
[        ]   No history is available.
[        ] Resolve mutations for :gradle:processResources (Thread[Execution worker Thread 3,5,main]) started.
[        ] :gradle:processResources (Thread[Execution worker Thread 3,5,main]) started.
[        ] > Task :gradle:processResources
[        ] Caching disabled for task ':gradle:processResources' because:
[        ]   Build cache is disabled
[        ]   Not worth caching
[        ] Task ':gradle:processResources' is not up-to-date because:
[        ]   No history is available.
[        ] file or directory '/opt/hostedtoolcache/flutter/stable-3.47.0-x64/flutter/packages/flutter_tools/gradle/src/main/resources', not found
[+1697 ms] > Task :gradle:compileKotlin
[   +1 ms] i: starting the daemon as: /usr/lib/jvm/temurin-17-jdk-amd64/bin/java -cp /home/runner/.gradle/caches/modules-2/files-2.1/org.jetbrains.kotlin/kotlin-compiler-embeddable/2.2.20/bb8331b7585e36ea311825b01a1c06860c055fd1/kotlin-compiler-embeddable-2.2.20.jar:/home/runner/.gradle/caches/modules-2/files-2.1/org.jetbrains.kotlin/kotlin-stdlib/2.2.20/5380b19fa1924399b62ce3a1faffebb2b4f82272/kotlin-stdlib-2.2.20.jar:/home/runner/.gradle/caches/modules-2/files-2.1/org.jetbrains.kotlin/kotlin-script-runtime/2.2.20/4c679cbeac0bb583b75c3a080013da8eaf240807/kotlin-script-runtime-2.2.20.jar:/home/runner/.gradle/caches/modules-2/files-2.1/org.jetbrains.kotlin/kotlin-reflect/1.6.10/1cbe9c92c12a94eea200d23c2bbaedaf3daf5132/kotlin-reflect-1.6.10.jar:/home/runner/.gradle/caches/modules-2/files-2.1/org.jetbrains.kotlin/kotlin-daemon-embeddable/2.2.20/feff12d48d7f1eb628742b0a721395e16f8755bf/kotlin-daemon-embeddable-2.2.20.jar:/home/runner/.gradle/caches/modules-2/files-2.1/org.jetbrains.kotlinx/kotlinx-coroutines-core-jvm/1.8.0/ac1dc37a30a93150b704022f8d895ee1bd3a36b3/kotlinx-coroutines-core-jvm-1.8.0.jar:/home/runner/.gradle/caches/modules-2/files-2.1/org.jetbrains/annotations/13.0/919f0dfe192fb4e063e7dacadee7f8bb9a2672a9/annotations-13.0.jar -Djava.awt.headless=true -Djava.rmi.server.hostname=127.0.0.1 -Xmx4G -XX:ReservedCodeCacheSize=320m -Dkotlin.environment.keepalive -ea -XX:+UseCodeCacheFlushing -XX:+UseParallelGC -Dkotlin.daemon.initiator.marker.file=/tmp/kotlin-compiler-in-gradle-9455542647724223255.alive --add-exports java.base/sun.nio.ch=ALL-UNNAMED org.jetbrains.kotlin.daemon.KotlinCompileDaemon --daemon-runFilesPath /home/runner/.kotlin/daemon --daemon-autoshutdownIdleSeconds=7200 --daemon-compilerClasspath /home/runner/.gradle/caches/modules-2/files-2.1/org.jetbrains.kotlin/kotlin-compiler-embeddable/2.2.20/bb8331b7585e36ea311825b01a1c06860c055fd1/kotlin-compiler-embeddable-2.2.20.jar:/home/runner/.gradle/caches/modules-2/files-2.1/org.jetbrains.kotlin/kotlin-stdlib/2.2.20/5380b19fa1924399b62ce3a1faffebb2b4f82272/kotlin-stdlib-2.2.20.jar:/home/runner/.gradle/caches/modules-2/files-2.1/org.jetbrains.kotlin/kotlin-script-runtime/2.2.20/4c679cbeac0bb583b75c3a080013da8eaf240807/kotlin-script-runtime-2.2.20.jar:/home/runner/.gradle/caches/modules-2/files-2.1/org.jetbrains.kotlin/kotlin-reflect/1.6.10/1cbe9c92c12a94eea200d23c2bbaedaf3daf5132/kotlin-reflect-1.6.10.jar:/home/runner/.gradle/caches/modules-2/files-2.1/org.jetbrains.kotlin/kotlin-daemon-embeddable/2.2.20/feff12d48d7f1eb628742b0a721395e16f8755bf/kotlin-daemon-embeddable-2.2.20.jar:/home/runner/.gradle/caches/modules-2/files-2.1/org.jetbrains.kotlinx/kotlinx-coroutines-core-jvm/1.8.0/ac1dc37a30a93150b704022f8d895ee1bd3a36b3/kotlinx-coroutines-core-jvm-1.8.0.jar:/home/runner/.gradle/caches/modules-2/files-2.1/org.jetbrains/annotations/13.0/919f0dfe192fb4e063e7dacadee7f8bb9a2672a9/annotations-13.0.jar
[        ] i: #1 retrying connecting to the daemon 
[        ] Options for KOTLIN DAEMON: IncrementalCompilationOptions(super=CompilationOptions(compilerMode=INCREMENTAL_COMPILER, targetPlatform=JVM, reportCategories=[0, 3], reportSeverity=2, requestedCompilationResults=[0], kotlinScriptExtensions=[]), sourceChanges=org.jetbrains.kotlin.buildtools.api.SourcesChanges$Unknown@3edea56d, classpathChanges=NotAvailableForNonIncrementalRun, workingDir=/opt/hostedtoolcache/flutter/stable-3.47.0-x64/flutter/packages/flutter_tools/gradle/build/kotlin/compileKotlin/cacheable, multiModuleICSettings=MultiModuleICSettings(buildHistoryFile=/opt/hostedtoolcache/flutter/stable-3.47.0-x64/flutter/packages/flutter_tools/gradle/build/kotlin/compileKotlin/local-state/build-history.bin, useModuleDetection=false), icFeatures=IncrementalCompilationFeatures(usePreciseJavaTracking=true, withAbiSnapshot=false, preciseCompilationResultsBackup=true, keepIncrementalCompilationCachesInMemory=true, enableUnsafeIncrementalCompilationForMultiplatform=false, enableMonotonousIncrementalCompileSetExpansion=true), outputFiles=[/opt/hostedtoolcache/flutter/stable-3.47.0-x64/flutter/packages/flutter_tools/gradle/build/classes/kotlin/main, /opt/hostedtoolcache/flutter/stable-3.47.0-x64/flutter/packages/flutter_tools/gradle/build/kotlin/compileKotlin/cacheable, /opt/hostedtoolcache/flutter/stable-3.47.0-x64/flutter/packages/flutter_tools/gradle/build/kotlin/compileKotlin/local-state])
[+13197 ms] w: Language version 1.8 is deprecated and its support will be removed in a future version of Kotlin
[        ] w: file:///opt/hostedtoolcache/flutter/stable-3.47.0-x64/flutter/packages/flutter_tools/gradle/src/main/kotlin/FlutterPlugin.kt:12:37 'ApkVariant' is deprecated. Deprecated in Java
[        ] w: file:///opt/hostedtoolcache/flutter/stable-3.47.0-x64/flutter/packages/flutter_tools/gradle/src/main/kotlin/FlutterPlugin.kt:664:69 'ApkVariant' is deprecated. Deprecated in Java
[        ] w: file:///opt/hostedtoolcache/flutter/stable-3.47.0-x64/flutter/packages/flutter_tools/gradle/src/main/kotlin/FlutterPluginUtils.kt:766:29 Condition 'ndkVersion != null' is always 'true'
[        ] w: file:///opt/hostedtoolcache/flutter/stable-3.47.0-x64/flutter/packages/flutter_tools/gradle/src/main/kotlin/plugins/PluginHandler.kt:168:70 Unchecked cast: NamedDomainObjectContainer<out BuildType> to NamedDomainObjectContainer<BuildType>
[        ] w: file:///opt/hostedtoolcache/flutter/stable-3.47.0-x64/flutter/packages/flutter_tools/gradle/src/main/kotlin/plugins/PluginHandler.kt:169:75 Unchecked cast: NamedDomainObjectContainer<out BuildType> to NamedDomainObjectContainer<BuildType>
[        ] Finished executing kotlin compiler using DAEMON strategy
[        ] Resolve mutations for :gradle:compileJava (Thread[Execution worker,5,main]) started.
[   +1 ms] :gradle:compileJava (Thread[Execution worker,5,main]) started.
[        ] > Task :gradle:compileJava NO-SOURCE
[        ] Skipping task ':gradle:compileJava' as it has no source files and no previous output files.
[        ] Resolve mutations for :gradle:compileGroovy (Thread[Execution worker,5,main]) started.
[        ] :gradle:compileGroovy (Thread[Execution worker,5,main]) started.
[        ] > Task :gradle:compileGroovy NO-SOURCE
[        ] Skipping task ':gradle:compileGroovy' as it has no source files and no previous output files.
[        ] Resolve mutations for :gradle:classes (Thread[Execution worker,5,main]) started.
[        ] :gradle:classes (Thread[Execution worker,5,main]) started.
[        ] > Task :gradle:classes
[        ] Skipping task ':gradle:classes' as it has no actions.
[        ] Resolve mutations for :gradle:jar (Thread[Execution worker,5,main]) started.
[        ] :gradle:jar (Thread[Execution worker,5,main]) started.
[  +96 ms] > Task :gradle:jar
[        ] Caching disabled for task ':gradle:jar' because:
[        ]   Build cache is disabled
[        ]   Not worth caching
[        ] Task ':gradle:jar' is not up-to-date because:
[        ]   No history is available.
[        ] file or directory '/opt/hostedtoolcache/flutter/stable-3.47.0-x64/flutter/packages/flutter_tools/gradle/build/classes/java/main', not found
[        ] file or directory '/opt/hostedtoolcache/flutter/stable-3.47.0-x64/flutter/packages/flutter_tools/gradle/build/classes/groovy/main', not found
[  +99 ms] Downloading https://dl.google.com/dl/android/maven2/com/android/tools/build/gradle/8.6.0/gradle-8.6.0.pom to /home/runner/.gradle/.tmp/gradle_download3684473470371887656bin
[        ] Downloading https://dl.google.com/dl/android/maven2/com/android/tools/build/gradle/8.6.0/gradle-8.6.0.module to /home/runner/.gradle/.tmp/gradle_download16410088510201076429bin
[        ] Resource missing. [HTTP GET: https://dl.google.com/dl/android/maven2/org/jetbrains/kotlin/kotlin-gradle-plugin-idea/2.0.0/kotlin-gradle-plugin-idea-2.0.0.pom]
[        ] Resource missing. [HTTP GET: https://dl.google.com/dl/android/maven2/org/jetbrains/kotlin/kotlin-gradle-plugin-idea-proto/2.0.0/kotlin-gradle-plugin-idea-proto-2.0.0.pom]
[        ] Resource missing. [HTTP GET: https://dl.google.com/dl/android/maven2/org/jetbrains/kotlin/kotlin-klib-commonizer-api/2.0.0/kotlin-klib-commonizer-api-2.0.0.pom]
[  +99 ms] Downloading https://repo.maven.apache.org/maven2/org/jetbrains/kotlin/kotlin-gradle-plugin-idea/2.0.0/kotlin-gradle-plugin-idea-2.0.0.pom to /home/runner/.gradle/.tmp/gradle_download17692949025002537777bin
[        ] Resource missing. [HTTP GET: https://dl.google.com/dl/android/maven2/org/jetbrains/kotlin/kotlin-build-tools-api/2.0.0/kotlin-build-tools-api-2.0.0.pom]
[        ] Downloading https://repo.maven.apache.org/maven2/org/jetbrains/kotlin/kotlin-gradle-plugin-idea-proto/2.0.0/kotlin-gradle-plugin-idea-proto-2.0.0.pom to /home/runner/.gradle/.tmp/gradle_download13876529607065400171bin
[        ] Downloading https://repo.maven.apache.org/maven2/org/jetbrains/kotlin/kotlin-klib-commonizer-api/2.0.0/kotlin-klib-commonizer-api-2.0.0.pom to /home/runner/.gradle/.tmp/gradle_download8124464733932340884bin
[        ] Downloading https://repo.maven.apache.org/maven2/org/jetbrains/kotlin/kotlin-gradle-plugin-idea/2.0.0/kotlin-gradle-plugin-idea-2.0.0.module to /home/runner/.gradle/.tmp/gradle_download11306614650116715996bin
[        ] Resource missing. [HTTP GET: https://dl.google.com/dl/android/maven2/org/jetbrains/kotlin/kotlin-build-statistics/2.0.0/kotlin-build-statistics-2.0.0.pom]
[        ] Resource missing. [HTTP GET: https://dl.google.com/dl/android/maven2/org/jetbrains/kotlin/kotlin-compiler-runner/2.0.0/kotlin-compiler-runner-2.0.0.pom]
[        ] Resource missing. [HTTP GET: https://dl.google.com/dl/android/maven2/org/jetbrains/kotlin/kotlin-compiler-embeddable/2.0.0/kotlin-compiler-embeddable-2.0.0.pom]
[        ] Downloading https://repo.maven.apache.org/maven2/org/jetbrains/kotlin/kotlin-build-tools-api/2.0.0/kotlin-build-tools-api-2.0.0.pom to /home/runner/.gradle/.tmp/gradle_download7428385470454585821bin
[        ] Downloading https://repo.maven.apache.org/maven2/org/jetbrains/kotlin/kotlin-build-statistics/2.0.0/kotlin-build-statistics-2.0.0.pom to /home/runner/.gradle/.tmp/gradle_download6494093563619262242bin
[        ] Downloading https://repo.maven.apache.org/maven2/org/jetbrains/kotlin/kotlin-compiler-runner/2.0.0/kotlin-compiler-runner-2.0.0.pom to /home/runner/.gradle/.tmp/gradle_download12022068807854937119bin
[        ] Downloading https://repo.maven.apache.org/maven2/org/jetbrains/kotlin/kotlin-compiler-embeddable/2.0.0/kotlin-compiler-embeddable-2.0.0.pom to /home/runner/.gradle/.tmp/gradle_download12971467386847144758bin
[  +99 ms] Downloading https://dl.google.com/dl/android/maven2/com/android/tools/repository/31.6.0/repository-31.6.0.pom to /home/runner/.gradle/.tmp/gradle_download14529840890383517142bin
[        ] Downloading https://dl.google.com/dl/android/maven2/com/android/tools/sdk-common/31.6.0/sdk-common-31.6.0.pom to /home/runner/.gradle/.tmp/gradle_download13492886456755579783bin
[        ] Downloading https://dl.google.com/dl/android/maven2/com/android/tools/sdklib/31.6.0/sdklib-31.6.0.pom to /home/runner/.gradle/.tmp/gradle_download11817915567750149343bin
[        ] Downloading https://dl.google.com/dl/android/maven2/com/android/tools/build/gradle-settings-api/8.6.0/gradle-settings-api-8.6.0.pom to /home/runner/.gradle/.tmp/gradle_download8112613089307425390bin
[        ] Downloading https://dl.google.com/dl/android/maven2/com/android/tools/ddms/ddmlib/31.6.0/ddmlib-31.6.0.pom to /home/runner/.gradle/.tmp/gradle_download16250284066334321013bin
[        ] Downloading https://dl.google.com/dl/android/maven2/com/android/tools/build/aapt2-proto/8.6.0-11315950/aapt2-proto-8.6.0-11315950.pom to /home/runner/.gradle/.tmp/gradle_download6586199023732326301bin
[        ] Downloading https://dl.google.com/dl/android/maven2/com/android/tools/build/gradle-settings-api/8.6.0/gradle-settings-api-8.6.0.module to /home/runner/.gradle/.tmp/gradle_download15512977401877792574bin
[        ] Downloading https://dl.google.com/dl/android/maven2/com/android/tools/build/aaptcompiler/8.6.0/aaptcompiler-8.6.0.pom to /home/runner/.gradle/.tmp/gradle_download810509124841382674bin
[        ] Downloading https://dl.google.com/dl/android/maven2/com/android/tools/build/aapt2-proto/8.6.0-11315950/aapt2-proto-8.6.0-11315950.module to /home/runner/.gradle/.tmp/gradle_download2403490903782600276bin
[        ] Downloading https://dl.google.com/dl/android/maven2/com/android/tools/analytics-library/shared/31.6.0/shared-31.6.0.pom to /home/runner/.gradle/.tmp/gradle_download6049576583207182493bin
[        ] Downloading https://dl.google.com/dl/android/maven2/com/android/tools/build/aaptcompiler/8.6.0/aaptcompiler-8.6.0.module to /home/runner/.gradle/.tmp/gradle_download14399499174880108380bin
[  +98 ms] Downloading https://dl.google.com/dl/android/maven2/com/android/tools/lint/lint-model/31.6.0/lint-model-31.6.0.pom to /home/runner/.gradle/.tmp/gradle_download7428531883625142713bin
[        ] Downloading https://dl.google.com/dl/android/maven2/com/android/tools/lint/lint-typedef-remover/31.6.0/lint-typedef-remover-31.6.0.pom to /home/runner/.gradle/.tmp/gradle_download11279439301180588782bin
[        ] Downloading https://dl.google.com/dl/android/maven2/androidx/databinding/databinding-compiler-common/8.6.0/databinding-compiler-common-8.6.0.pom to /home/runner/.gradle/.tmp/gradle_download9835826826765358703bin
[        ] Downloading https://dl.google.com/dl/android/maven2/androidx/databinding/databinding-common/8.6.0/databinding-common-8.6.0.pom to /home/runner/.gradle/.tmp/gradle_download12963285649332673631bin
[        ] Downloading https://dl.google.com/dl/android/maven2/com/android/databinding/baseLibrary/8.6.0/baseLibrary-8.6.0.pom to /home/runner/.gradle/.tmp/gradle_download16250416305543860179bin
[        ] Downloading https://dl.google.com/dl/android/maven2/com/android/tools/analytics-library/crash/31.6.0/crash-31.6.0.pom to /home/runner/.gradle/.tmp/gradle_download7642825794566872484bin
[        ] Downloading https://dl.google.com/dl/android/maven2/com/android/tools/build/builder-test-api/8.6.0/builder-test-api-8.6.0.pom to /home/runner/.gradle/.tmp/gradle_download15387732228631300278bin
[        ] Downloading https://dl.google.com/dl/android/maven2/com/android/tools/layoutlib/layoutlib-api/31.6.0/layoutlib-api-31.6.0.pom to /home/runner/.gradle/.tmp/gradle_download15037493934969552259bin
[        ] Downloading https://dl.google.com/dl/android/maven2/com/android/tools/utp/android-device-provider-gradle-proto/31.6.0/android-device-provider-gradle-proto-31.6.0.pom to /home/runner/.gradle/.tmp/gradle_download17555996660260099774bin
[        ] Downloading https://dl.google.com/dl/android/maven2/com/android/tools/build/builder-test-api/8.6.0/builder-test-api-8.6.0.module to /home/runner/.gradle/.tmp/gradle_download2534788012732099038bin
[        ] Downloading https://dl.google.com/dl/android/maven2/com/android/tools/utp/android-device-provider-ddmlib-proto/31.6.0/android-device-provider-ddmlib-proto-31.6.0.pom to /home/runner/.gradle/.tmp/gradle_download4310411059274775094bin
[        ] Downloading https://dl.google.com/dl/android/maven2/com/android/tools/utp/android-test-plugin-host-coverage-proto/31.6.0/android-test-plugin-host-coverage-proto-31.6.0.pom to /home/runner/.gradle/.tmp/gradle_download5633179097457437429bin
[        ] Downloading https://dl.google.com/dl/android/maven2/com/android/tools/utp/android-test-plugin-host-logcat-proto/31.6.0/android-test-plugin-host-logcat-proto-31.6.0.pom to /home/runner/.gradle/.tmp/gradle_download9106146655571320113bin
[        ] Downloading https://dl.google.com/dl/android/maven2/com/android/tools/utp/android-test-plugin-host-emulator-control-proto/31.6.0/android-test-plugin-host-emulator-control-proto-31.6.0.pom to /home/runner/.gradle/.tmp/gradle_download7925612294131085955bin
[        ] Downloading https://dl.google.com/dl/android/maven2/com/android/tools/utp/android-test-plugin-result-listener-gradle-proto/31.6.0/android-test-plugin-result-listener-gradle-proto-31.6.0.pom to /home/runner/.gradle/.tmp/gradle_download11136944790330957738bin
[        ] Downloading https://dl.google.com/dl/android/maven2/com/android/tools/utp/android-test-plugin-host-apk-installer-proto/31.6.0/android-test-plugin-host-apk-installer-proto-31.6.0.pom to /home/runner/.gradle/.tmp/gradle_download12491082611260815449bin
[        ] Downloading https://dl.google.com/dl/android/maven2/com/android/tools/utp/android-test-plugin-host-additional-test-output-proto/31.6.0/android-test-plugin-host-additional-test-output-proto-31.6.0.pom to /home/runner/.gradle/.tmp/gradle_download9785945513400335959bin
[  +97 ms] Resource missing. [HTTP GET: https://dl.google.com/dl/android/maven2/org/jetbrains/kotlin/kotlin-stdlib-jdk8/1.9.20/kotlin-stdlib-jdk8-1.9.20.pom]
[        ] Downloading https://dl.google.com/dl/android/maven2/com/android/tools/build/transform-api/2.0.0-deprecated-use-gradle-api/transform-api-2.0.0-deprecated-use-gradle-api.pom to /home/runner/.gradle/.tmp/gradle_download3794647561814604201bin
[        ] Resource missing. [HTTP GET: https://dl.google.com/dl/android/maven2/org/apache/httpcomponents/httpmime/4.5.6/httpmime-4.5.6.pom]
[        ] Resource missing. [HTTP GET: https://dl.google.com/dl/android/maven2/commons-io/commons-io/2.13.0/commons-io-2.13.0.pom]
[        ] Downloading https://repo.maven.apache.org/maven2/org/jetbrains/kotlin/kotlin-stdlib-jdk8/1.9.20/kotlin-stdlib-jdk8-1.9.20.pom to /home/runner/.gradle/.tmp/gradle_download5550780823417378312bin
[        ] Downloading https://dl.google.com/dl/android/maven2/com/android/tools/utp/android-test-plugin-host-retention-proto/31.6.0/android-test-plugin-host-retention-proto-31.6.0.pom to /home/runner/.gradle/.tmp/gradle_download12127207808445244461bin
[        ] Downloading https://repo.maven.apache.org/maven2/org/apache/httpcomponents/httpmime/4.5.6/httpmime-4.5.6.pom to /home/runner/.gradle/.tmp/gradle_download7365891467025824518bin
[        ] Downloading https://repo.maven.apache.org/maven2/commons-io/commons-io/2.13.0/commons-io-2.13.0.pom to /home/runner/.gradle/.tmp/gradle_download15766644871571092753bin
[        ] Resource missing. [HTTP GET: https://dl.google.com/dl/android/maven2/org/ow2/asm/asm/9.6/asm-9.6.pom]
[        ] Resource missing. [HTTP GET: https://dl.google.com/dl/android/maven2/org/ow2/asm/asm-analysis/9.6/asm-analysis-9.6.pom]
[        ] Resource missing. [HTTP GET: https://dl.google.com/dl/android/maven2/org/apache/httpcomponents/httpcomponents-client/4.5.6/httpcomponents-client-4.5.6.pom]
[        ] Resource missing. [HTTP GET: https://dl.google.com/dl/android/maven2/org/apache/commons/commons-parent/58/commons-parent-58.pom]
[        ] Downloading https://repo.maven.apache.org/maven2/org/ow2/asm/asm/9.6/asm-9.6.pom to /home/runner/.gradle/.tmp/gradle_download4477721432914201840bin
[        ] Downloading https://repo.maven.apache.org/maven2/org/ow2/asm/asm-analysis/9.6/asm-analysis-9.6.pom to /home/runner/.gradle/.tmp/gradle_download93402452432431087bin
[        ] Downloading https://repo.maven.apache.org/maven2/org/apache/httpcomponents/httpcomponents-client/4.5.6/httpcomponents-client-4.5.6.pom to /home/runner/.gradle/.tmp/gradle_download14849022679960895530bin
[        ] Downloading https://repo.maven.apache.org/maven2/org/apache/commons/commons-parent/58/commons-parent-58.pom to /home/runner/.gradle/.tmp/gradle_download8281326272418210386bin
[        ] Resource missing. [HTTP GET: https://dl.google.com/dl/android/maven2/org/ow2/asm/asm-commons/9.6/asm-commons-9.6.pom]
[  +98 ms] Resource missing. [HTTP GET: https://dl.google.com/dl/android/maven2/org/ow2/asm/asm-util/9.6/asm-util-9.6.pom]
[        ] Resource missing. [HTTP GET: https://dl.google.com/dl/android/maven2/org/apache/httpcomponents/httpcomponents-parent/10/httpcomponents-parent-10.pom]
[        ] Resource missing. [HTTP GET: https://dl.google.com/dl/android/maven2/org/apache/apache/29/apache-29.pom]
[        ] Downloading https://repo.maven.apache.org/maven2/org/ow2/asm/asm-util/9.6/asm-util-9.6.pom to /home/runner/.gradle/.tmp/gradle_download17931531288961940038bin
[        ] Downloading https://repo.maven.apache.org/maven2/org/ow2/asm/asm-commons/9.6/asm-commons-9.6.pom to /home/runner/.gradle/.tmp/gradle_download10171048467417239198bin
[        ] Downloading https://repo.maven.apache.org/maven2/org/apache/httpcomponents/httpcomponents-parent/10/httpcomponents-parent-10.pom to /home/runner/.gradle/.tmp/gradle_download11669439352571407015bin
[        ] Downloading https://repo.maven.apache.org/maven2/org/apache/apache/29/apache-29.pom to /home/runner/.gradle/.tmp/gradle_download11173483685274666279bin
[        ] Resource missing. [HTTP GET: https://dl.google.com/dl/android/maven2/org/apache/apache/18/apache-18.pom]
[        ] Resource missing. [HTTP GET: https://dl.google.com/dl/android/maven2/org/bouncycastle/bcpkix-jdk18on/1.77/bcpkix-jdk18on-1.77.pom]
[        ] Resource missing. [HTTP GET: https://dl.google.com/dl/android/maven2/org/glassfish/jaxb/jaxb-runtime/2.3.2/jaxb-runtime-2.3.2.pom]
[        ] Resource missing. [HTTP GET: https://dl.google.com/dl/android/maven2/org/junit/junit-bom/5.9.3/junit-bom-5.9.3.pom]
[        ] Downloading https://repo.maven.apache.org/maven2/org/glassfish/jaxb/jaxb-runtime/2.3.2/jaxb-runtime-2.3.2.pom to /home/runner/.gradle/.tmp/gradle_download12460975367021107648bin
[        ] Downloading https://repo.maven.apache.org/maven2/org/apache/apache/18/apache-18.pom to /home/runner/.gradle/.tmp/gradle_download6711917154182334597bin
[        ] Downloading https://repo.maven.apache.org/maven2/org/bouncycastle/bcpkix-jdk18on/1.77/bcpkix-jdk18on-1.77.pom to /home/runner/.gradle/.tmp/gradle_download452384751010783726bin
[        ] Downloading https://repo.maven.apache.org/maven2/org/junit/junit-bom/5.9.3/junit-bom-5.9.3.pom to /home/runner/.gradle/.tmp/gradle_download17126095898122360996bin
[        ] Resource missing. [HTTP GET: https://dl.google.com/dl/android/maven2/com/sun/xml/bind/mvn/jaxb-runtime-parent/2.3.2/jaxb-runtime-parent-2.3.2.pom]
[        ] Resource missing. [HTTP GET: https://dl.google.com/dl/android/maven2/net/sf/jopt-simple/jopt-simple/4.9/jopt-simple-4.9.pom]
[  +98 ms] Downloading https://dl.google.com/dl/android/maven2/com/android/tools/build/bundletool/1.16.0/bundletool-1.16.0.pom to /home/runner/.gradle/.tmp/gradle_download14873728127018086384bin
[        ] Downloading https://repo.maven.apache.org/maven2/org/junit/junit-bom/5.9.3/junit-bom-5.9.3.module to /home/runner/.gradle/.tmp/gradle_download11331728238117161232bin
[        ] Downloading https://repo.maven.apache.org/maven2/com/sun/xml/bind/mvn/jaxb-runtime-parent/2.3.2/jaxb-runtime-parent-2.3.2.pom to /home/runner/.gradle/.tmp/gradle_download13338415457803368343bin
[        ] Downloading https://repo.maven.apache.org/maven2/net/sf/jopt-simple/jopt-simple/4.9/jopt-simple-4.9.pom to /home/runner/.gradle/.tmp/gradle_download9586920860928448297bin
[        ] Downloading https://dl.google.com/dl/android/maven2/com/android/tools/build/jetifier/jetifier-core/1.0.0-beta10/jetifier-core-1.0.0-beta10.pom to /home/runner/.gradle/.tmp/gradle_download6870600772090745000bin
[        ] Resource missing. [HTTP GET: https://dl.google.com/dl/android/maven2/com/sun/xml/bind/mvn/jaxb-parent/2.3.2/jaxb-parent-2.3.2.pom]
[        ] Resource missing. [HTTP GET: https://dl.google.com/dl/android/maven2/com/squareup/javapoet/1.10.0/javapoet-1.10.0.pom]
[        ] Downloading https://dl.google.com/dl/android/maven2/com/android/tools/build/jetifier/jetifier-processor/1.0.0-beta10/jetifier-processor-1.0.0-beta10.pom to /home/runner/.gradle/.tmp/gradle_download5726334723587033062bin
[        ] Downloading https://dl.google.com/dl/android/maven2/com/android/tools/build/jetifier/jetifier-core/1.0.0-beta10/jetifier-core-1.0.0-beta10.module to /home/runner/.gradle/.tmp/gradle_download6358723432649816063bin
[        ] Downloading https://dl.google.com/dl/android/maven2/com/android/tools/build/jetifier/jetifier-processor/1.0.0-beta10/jetifier-processor-1.0.0-beta10.module to /home/runner/.gradle/.tmp/gradle_download5653162548450288509bin
[        ] Downloading https://repo.maven.apache.org/maven2/com/sun/xml/bind/mvn/jaxb-parent/2.3.2/jaxb-parent-2.3.2.pom to /home/runner/.gradle/.tmp/gradle_download7795934467105728255bin
[        ] Resource missing. [HTTP GET: https://dl.google.com/dl/android/maven2/com/google/protobuf/protobuf-java/3.22.3/protobuf-java-3.22.3.pom]
[        ] Downloading https://repo.maven.apache.org/maven2/com/squareup/javapoet/1.10.0/javapoet-1.10.0.pom to /home/runner/.gradle/.tmp/gradle_download5054908747689870301bin
[        ] Resource missing. [HTTP GET: https://dl.google.com/dl/android/maven2/com/google/protobuf/protobuf-java-util/3.22.3/protobuf-java-util-3.22.3.pom]
[        ] Resource missing. [HTTP GET: https://dl.google.com/dl/android/maven2/com/sun/xml/bind/jaxb-bom-ext/2.3.2/jaxb-bom-ext-2.3.2.pom]
[        ] Resource missing. [HTTP GET: https://dl.google.com/dl/android/maven2/com/google/code/gson/gson/2.10.1/gson-2.10.1.pom]
[        ] Downloading https://repo.maven.apache.org/maven2/com/google/protobuf/protobuf-java/3.22.3/protobuf-java-3.22.3.pom to /home/runner/.gradle/.tmp/gradle_download4070094927770673035bin
[        ] Downloading https://repo.maven.apache.org/maven2/com/google/code/gson/gson/2.10.1/gson-2.10.1.pom to /home/runner/.gradle/.tmp/gradle_download16139165847733600370bin
[        ] Downloading https://repo.maven.apache.org/maven2/com/google/protobuf/protobuf-java-util/3.22.3/protobuf-java-util-3.22.3.pom to /home/runner/.gradle/.tmp/gradle_download13804906383131560958bin
[        ] Resource missing. [HTTP GET: https://dl.google.com/dl/android/maven2/com/google/protobuf/protobuf-parent/3.22.3/protobuf-parent-3.22.3.pom]
[        ] Downloading https://repo.maven.apache.org/maven2/com/sun/xml/bind/jaxb-bom-ext/2.3.2/jaxb-bom-ext-2.3.2.pom to /home/runner/.gradle/.tmp/gradle_download1373095840328528941bin
[  +96 ms] Resource missing. [HTTP GET: https://dl.google.com/dl/android/maven2/com/google/code/gson/gson-parent/2.10.1/gson-parent-2.10.1.pom]
[        ] Resource missing. [HTTP GET: https://dl.google.com/dl/android/maven2/org/glassfish/jaxb/jaxb-bom/2.3.2/jaxb-bom-2.3.2.pom]
[        ] Downloading https://repo.maven.apache.org/maven2/com/google/protobuf/protobuf-parent/3.22.3/protobuf-parent-3.22.3.pom to /home/runner/.gradle/.tmp/gradle_download281917821782341808bin
[        ] Downloading https://repo.maven.apache.org/maven2/org/glassfish/jaxb/jaxb-bom/2.3.2/jaxb-bom-2.3.2.pom to /home/runner/.gradle/.tmp/gradle_download18095293015576883027bin
[        ] Downloading https://repo.maven.apache.org/maven2/com/google/code/gson/gson-parent/2.10.1/gson-parent-2.10.1.pom to /home/runner/.gradle/.tmp/gradle_download1374541809150512129bin
[   +1 ms] Resource missing. [HTTP GET: https://dl.google.com/dl/android/maven2/org/eclipse/ee4j/project/1.0.5/project-1.0.5.pom]
[        ] Resource missing. [HTTP GET: https://dl.google.com/dl/android/maven2/com/google/protobuf/protobuf-bom/3.22.3/protobuf-bom-3.22.3.pom]
[        ] Resource missing. [HTTP GET: https://dl.google.com/dl/android/maven2/io/grpc/grpc-core/1.57.0/grpc-core-1.57.0.pom]
[        ] Downloading https://repo.maven.apache.org/maven2/com/google/protobuf/protobuf-bom/3.22.3/protobuf-bom-3.22.3.pom to /home/runner/.gradle/.tmp/gradle_download13188918430033528437bin
[        ] Downloading https://repo.maven.apache.org/maven2/org/eclipse/ee4j/project/1.0.5/project-1.0.5.pom to /home/runner/.gradle/.tmp/gradle_download2680796192182013161bin
[        ] Downloading https://repo.maven.apache.org/maven2/io/grpc/grpc-core/1.57.0/grpc-core-1.57.0.pom to /home/runner/.gradle/.tmp/gradle_download4350772052906300468bin
[  +96 ms] Resource missing. [HTTP GET: https://dl.google.com/dl/android/maven2/io/grpc/grpc-netty/1.57.0/grpc-netty-1.57.0.pom]
[        ] Resource missing. [HTTP GET: https://dl.google.com/dl/android/maven2/io/grpc/grpc-protobuf/1.57.0/grpc-protobuf-1.57.0.pom]
[        ] Resource missing. [HTTP GET: https://dl.google.com/dl/android/maven2/io/grpc/grpc-stub/1.57.0/grpc-stub-1.57.0.pom]
[   +1 ms] Downloading https://repo.maven.apache.org/maven2/io/grpc/grpc-netty/1.57.0/grpc-netty-1.57.0.pom to /home/runner/.gradle/.tmp/gradle_download3722848164432321068bin
[        ] Downloading https://repo.maven.apache.org/maven2/io/grpc/grpc-protobuf/1.57.0/grpc-protobuf-1.57.0.pom to /home/runner/.gradle/.tmp/gradle_download17052186510707986158bin
[        ] Resource missing. [HTTP GET: https://dl.google.com/dl/android/maven2/com/google/crypto/tink/tink/1.7.0/tink-1.7.0.pom]
[        ] Downloading https://dl.google.com/dl/android/maven2/com/google/testing/platform/core-proto/0.0.9-alpha02/core-proto-0.0.9-alpha02.pom to /home/runner/.gradle/.tmp/gradle_download2200572667746852770bin
[        ] Downloading https://repo.maven.apache.org/maven2/io/grpc/grpc-stub/1.57.0/grpc-stub-1.57.0.pom to /home/runner/.gradle/.tmp/gradle_download2781976709725172901bin
[        ] Resource missing. [HTTP GET: https://dl.google.com/dl/android/maven2/net/sf/kxml/kxml2/2.3.0/kxml2-2.3.0.pom]
[        ] Resource missing. [HTTP GET: https://dl.google.com/dl/android/maven2/org/tensorflow/tensorflow-lite-metadata/0.1.0-rc2/tensorflow-lite-metadata-0.1.0-rc2.pom]
[        ] Resource missing. [HTTP GET: https://dl.google.com/dl/android/maven2/com/google/flatbuffers/flatbuffers-java/1.12.0/flatbuffers-java-1.12.0.pom]
[        ] Downloading https://repo.maven.apache.org/maven2/com/google/crypto/tink/tink/1.7.0/tink-1.7.0.pom to /home/runner/.gradle/.tmp/gradle_download518559928184681837bin
[        ] Downloading https://repo.maven.apache.org/maven2/net/sf/kxml/kxml2/2.3.0/kxml2-2.3.0.pom to /home/runner/.gradle/.tmp/gradle_download17311233372618214816bin
[        ] Downloading https://repo.maven.apache.org/maven2/org/tensorflow/tensorflow-lite-metadata/0.1.0-rc2/tensorflow-lite-metadata-0.1.0-rc2.pom to /home/runner/.gradle/.tmp/gradle_download8663861739172820697bin
[        ] Downloading https://repo.maven.apache.org/maven2/com/google/flatbuffers/flatbuffers-java/1.12.0/flatbuffers-java-1.12.0.pom to /home/runner/.gradle/.tmp/gradle_download6025091526022781307bin
[        ] Downloading https://dl.google.com/dl/android/maven2/com/android/tools/build/builder/8.6.0/builder-8.6.0.pom to /home/runner/.gradle/.tmp/gradle_download14941040149777307906bin
[        ] Downloading https://dl.google.com/dl/android/maven2/com/android/tools/build/builder-model/8.6.0/builder-model-8.6.0.pom to /home/runner/.gradle/.tmp/gradle_download13601643677247440885bin
[        ] Downloading https://dl.google.com/dl/android/maven2/com/android/tools/build/gradle-api/8.6.0/gradle-api-8.6.0.pom to /home/runner/.gradle/.tmp/gradle_download10008476972258095941bin
[  +96 ms] Downloading https://dl.google.com/dl/android/maven2/com/android/tools/build/builder-model/8.6.0/builder-model-8.6.0.module to /home/runner/.gradle/.tmp/gradle_download12010720454629343713bin
[        ] Downloading https://dl.google.com/dl/android/maven2/com/android/tools/build/gradle-api/8.6.0/gradle-api-8.6.0.module to /home/runner/.gradle/.tmp/gradle_download8936072214959702494bin
[        ] Downloading https://dl.google.com/dl/android/maven2/com/android/tools/build/builder/8.6.0/builder-8.6.0.module to /home/runner/.gradle/.tmp/gradle_download15795919089734249203bin
[        ] Resource missing. [HTTP GET: https://dl.google.com/dl/android/maven2/org/jetbrains/kotlinx/kotlinx-coroutines-core-jvm/1.5.0/kotlinx-coroutines-core-jvm-1.5.0.pom]
[        ] Resource missing. [HTTP GET: https://dl.google.com/dl/android/maven2/org/jetbrains/kotlin/kotlin-daemon-client/2.0.0/kotlin-daemon-client-2.0.0.pom]
[        ] Downloading https://repo.maven.apache.org/maven2/org/jetbrains/kotlin/kotlin-daemon-client/2.0.0/kotlin-daemon-client-2.0.0.pom to /home/runner/.gradle/.tmp/gradle_download9514220989400019747bin
[        ] Downloading https://repo.maven.apache.org/maven2/org/jetbrains/kotlinx/kotlinx-coroutines-core-jvm/1.5.0/kotlinx-coroutines-core-jvm-1.5.0.pom to /home/runner/.gradle/.tmp/gradle_download11271108721159996336bin
[  +99 ms] Downloading https://repo.maven.apache.org/maven2/org/jetbrains/kotlinx/kotlinx-coroutines-core-jvm/1.5.0/kotlinx-coroutines-core-jvm-1.5.0.module to /home/runner/.gradle/.tmp/gradle_download12161930162683181497bin
[        ] Resource missing. [HTTP GET: https://dl.google.com/dl/android/maven2/org/jetbrains/intellij/deps/trove4j/1.0.20200330/trove4j-1.0.20200330.pom]
[        ] Downloading https://repo.maven.apache.org/maven2/org/jetbrains/intellij/deps/trove4j/1.0.20200330/trove4j-1.0.20200330.pom to /home/runner/.gradle/.tmp/gradle_download2805887310697135152bin
[        ] Resource missing. [HTTP GET: https://dl.google.com/dl/android/maven2/org/jetbrains/kotlin/kotlin-daemon-embeddable/2.0.0/kotlin-daemon-embeddable-2.0.0.pom]
[        ] Downloading https://repo.maven.apache.org/maven2/org/jetbrains/kotlin/kotlin-daemon-embeddable/2.0.0/kotlin-daemon-embeddable-2.0.0.pom to /home/runner/.gradle/.tmp/gradle_download17464420463102414308bin
[ +100 ms] Resource missing. [HTTP GET: https://dl.google.com/dl/android/maven2/org/jetbrains/kotlin/kotlin-stdlib-common/1.7.10/kotlin-stdlib-common-1.7.10.pom]
[        ] Resource missing. [HTTP GET: https://dl.google.com/dl/android/maven2/org/jetbrains/kotlin/kotlin-stdlib/1.7.10/kotlin-stdlib-1.7.10.pom]
[        ] Downloading https://repo.maven.apache.org/maven2/org/jetbrains/kotlin/kotlin-stdlib/1.7.10/kotlin-stdlib-1.7.10.pom to /home/runner/.gradle/.tmp/gradle_download2710169227189873129bin
[        ] Downloading https://repo.maven.apache.org/maven2/org/jetbrains/kotlin/kotlin-stdlib-common/1.7.10/kotlin-stdlib-common-1.7.10.pom to /home/runner/.gradle/.tmp/gradle_download12989311282510883398bin
[        ] Resource missing. [HTTP GET: https://dl.google.com/dl/android/maven2/com/google/guava/guava/32.0.1-jre/guava-32.0.1-jre.pom]
[        ] Resource missing. [HTTP GET: https://dl.google.com/dl/android/maven2/javax/inject/javax.inject/1/javax.inject-1.pom]
[        ] Downloading https://dl.google.com/dl/android/maven2/com/android/tools/common/31.6.0/common-31.6.0.pom to /home/runner/.gradle/.tmp/gradle_download10027518021317102410bin
[        ] Resource missing. [HTTP GET: https://dl.google.com/dl/android/maven2/org/bouncycastle/bcprov-jdk18on/1.77/bcprov-jdk18on-1.77.pom]
[        ] Resource missing. [HTTP GET: https://dl.google.com/dl/android/maven2/org/jetbrains/kotlin/kotlin-reflect/1.9.20/kotlin-reflect-1.9.20.pom]
[        ] Downloading https://repo.maven.apache.org/maven2/javax/inject/javax.inject/1/javax.inject-1.pom to /home/runner/.gradle/.tmp/gradle_download10130692260294553551bin
[        ] Downloading https://repo.maven.apache.org/maven2/org/bouncycastle/bcprov-jdk18on/1.77/bcprov-jdk18on-1.77.pom to /home/runner/.gradle/.tmp/gradle_download7374505836009628075bin
[        ] Downloading https://repo.maven.apache.org/maven2/com/google/guava/guava/32.0.1-jre/guava-32.0.1-jre.pom to /home/runner/.gradle/.tmp/gradle_download14070634043910311487bin
[        ] Resource missing. [HTTP GET: https://dl.google.com/dl/android/maven2/com/google/guava/guava-parent/32.0.1-jre/guava-parent-32.0.1-jre.pom]
[        ] Downloading https://repo.maven.apache.org/maven2/org/jetbrains/kotlin/kotlin-reflect/1.9.20/kotlin-reflect-1.9.20.pom to /home/runner/.gradle/.tmp/gradle_download6773614556616928475bin
[  +97 ms] Downloading https://repo.maven.apache.org/maven2/com/google/guava/guava-parent/32.0.1-jre/guava-parent-32.0.1-jre.pom to /home/runner/.gradle/.tmp/gradle_download1055940413947774170bin
[        ] Resource missing. [HTTP GET: https://dl.google.com/dl/android/maven2/org/apache/commons/commons-compress/1.21/commons-compress-1.21.pom]
[        ] Downloading https://dl.google.com/dl/android/maven2/com/android/tools/dvlib/31.6.0/dvlib-31.6.0.pom to /home/runner/.gradle/.tmp/gradle_download3694689062797484750bin
[        ] Resource missing. [HTTP GET: https://dl.google.com/dl/android/maven2/org/apache/httpcomponents/httpcore/4.4.16/httpcore-4.4.16.pom]
[        ] Downloading https://repo.maven.apache.org/maven2/org/apache/commons/commons-compress/1.21/commons-compress-1.21.pom to /home/runner/.gradle/.tmp/gradle_download9789436841689202096bin
[        ] Downloading https://repo.maven.apache.org/maven2/org/apache/httpcomponents/httpcore/4.4.16/httpcore-4.4.16.pom to /home/runner/.gradle/.tmp/gradle_download7388249345867935835bin
[        ] Resource missing. [HTTP GET: https://dl.google.com/dl/android/maven2/org/apache/httpcomponents/httpcomponents-core/4.4.16/httpcomponents-core-4.4.16.pom]
[        ] Resource missing. [HTTP GET: https://dl.google.com/dl/android/maven2/org/apache/commons/commons-parent/52/commons-parent-52.pom]
[  +99 ms] Downloading https://repo.maven.apache.org/maven2/org/apache/httpcomponents/httpcomponents-core/4.4.16/httpcomponents-core-4.4.16.pom to /home/runner/.gradle/.tmp/gradle_download15946929391998133502bin
[        ] Downloading https://repo.maven.apache.org/maven2/org/apache/commons/commons-parent/52/commons-parent-52.pom to /home/runner/.gradle/.tmp/gradle_download2451318926950052239bin
[        ] Resource missing. [HTTP GET: https://dl.google.com/dl/android/maven2/org/apache/httpcomponents/httpcomponents-parent/11/httpcomponents-parent-11.pom]
[        ] Resource missing. [HTTP GET: https://dl.google.com/dl/android/maven2/org/apache/apache/23/apache-23.pom]
[        ] Downloading https://repo.maven.apache.org/maven2/org/apache/httpcomponents/httpcomponents-parent/11/httpcomponents-parent-11.pom to /home/runner/.gradle/.tmp/gradle_download16211294953921754095bin
[        ] Downloading https://repo.maven.apache.org/maven2/org/apache/apache/23/apache-23.pom to /home/runner/.gradle/.tmp/gradle_download3923934958666619453bin
[        ] Resource missing. [HTTP GET: https://dl.google.com/dl/android/maven2/org/apache/apache/21/apache-21.pom]
[  +98 ms] Downloading https://repo.maven.apache.org/maven2/org/apache/apache/21/apache-21.pom to /home/runner/.gradle/.tmp/gradle_download3535769816372574245bin
[        ] Resource missing. [HTTP GET: https://dl.google.com/dl/android/maven2/com/google/jimfs/jimfs/1.1/jimfs-1.1.pom]
[        ] Resource missing. [HTTP GET: https://dl.google.com/dl/android/maven2/com/sun/activation/javax.activation/1.2.0/javax.activation-1.2.0.pom]
[        ] Downloading https://repo.maven.apache.org/maven2/com/sun/activation/javax.activation/1.2.0/javax.activation-1.2.0.pom to /home/runner/.gradle/.tmp/gradle_download2566533480562670939bin
[        ] Downloading https://repo.maven.apache.org/maven2/com/google/jimfs/jimfs/1.1/jimfs-1.1.pom to /home/runner/.gradle/.tmp/gradle_download3429301110051753654bin
[        ] Resource missing. [HTTP GET: https://dl.google.com/dl/android/maven2/com/sun/activation/all/1.2.0/all-1.2.0.pom]
[        ] Resource missing. [HTTP GET: https://dl.google.com/dl/android/maven2/com/google/jimfs/jimfs-parent/1.1/jimfs-parent-1.1.pom]
[        ] Downloading https://repo.maven.apache.org/maven2/com/sun/activation/all/1.2.0/all-1.2.0.pom to /home/runner/.gradle/.tmp/gradle_download17646388996494619228bin
[  +99 ms] Downloading https://repo.maven.apache.org/maven2/com/google/jimfs/jimfs-parent/1.1/jimfs-parent-1.1.pom to /home/runner/.gradle/.tmp/gradle_download8415888521852484152bin
[        ] Resource missing. [HTTP GET: https://dl.google.com/dl/android/maven2/net/java/jvnet-parent/1/jvnet-parent-1.pom]
[        ] Downloading https://repo.maven.apache.org/maven2/net/java/jvnet-parent/1/jvnet-parent-1.pom to /home/runner/.gradle/.tmp/gradle_download9176278769809548428bin
[        ] Resource missing. [HTTP GET: https://dl.google.com/dl/android/maven2/org/jetbrains/annotations/23.0.0/annotations-23.0.0.pom]
[        ] Downloading https://repo.maven.apache.org/maven2/org/jetbrains/annotations/23.0.0/annotations-23.0.0.pom to /home/runner/.gradle/.tmp/gradle_download11115841813626411648bin
[        ] Resource missing. [HTTP GET: https://dl.google.com/dl/android/maven2/org/apache/httpcomponents/httpclient/4.5.14/httpclient-4.5.14.pom]
[  +99 ms] Downloading https://repo.maven.apache.org/maven2/org/apache/httpcomponents/httpclient/4.5.14/httpclient-4.5.14.pom to /home/runner/.gradle/.tmp/gradle_download9873141173307964500bin
[        ] Resource missing. [HTTP GET: https://dl.google.com/dl/android/maven2/org/apache/httpcomponents/httpcomponents-client/4.5.14/httpcomponents-client-4.5.14.pom]
[        ] Downloading https://dl.google.com/dl/android/maven2/com/android/tools/annotations/31.6.0/annotations-31.6.0.pom to /home/runner/.gradle/.tmp/gradle_download10647233813088153982bin
[        ] Downloading https://repo.maven.apache.org/maven2/org/apache/httpcomponents/httpcomponents-client/4.5.14/httpcomponents-client-4.5.14.pom to /home/runner/.gradle/.tmp/gradle_download8080540924543522876bin
[        ] Resource missing. [HTTP GET: https://dl.google.com/dl/android/maven2/net/java/dev/jna/jna-platform/5.6.0/jna-platform-5.6.0.pom]
[        ] Downloading https://dl.google.com/dl/android/maven2/com/android/tools/analytics-library/protos/31.6.0/protos-31.6.0.pom to /home/runner/.gradle/.tmp/gradle_download11541674783399331080bin
[  +99 ms] Downloading https://repo.maven.apache.org/maven2/net/java/dev/jna/jna-platform/5.6.0/jna-platform-5.6.0.pom to /home/runner/.gradle/.tmp/gradle_download4179842789145659166bin
[        ] Resource missing. [HTTP GET: https://dl.google.com/dl/android/maven2/com/googlecode/juniversalchardet/juniversalchardet/1.0.3/juniversalchardet-1.0.3.pom]
[        ] Downloading https://repo.maven.apache.org/maven2/com/googlecode/juniversalchardet/juniversalchardet/1.0.3/juniversalchardet-1.0.3.pom to /home/runner/.gradle/.tmp/gradle_download528419327595558153bin
[        ] Resource missing. [HTTP GET: https://dl.google.com/dl/android/maven2/javax/annotation/javax.annotation-api/1.3.2/javax.annotation-api-1.3.2.pom]
[  +99 ms] Downloading https://repo.maven.apache.org/maven2/javax/annotation/javax.annotation-api/1.3.2/javax.annotation-api-1.3.2.pom to /home/runner/.gradle/.tmp/gradle_download14110559862180111514bin
[        ] Resource missing. [HTTP GET: https://dl.google.com/dl/android/maven2/net/java/jvnet-parent/3/jvnet-parent-3.pom]
[        ] Downloading https://repo.maven.apache.org/maven2/net/java/jvnet-parent/3/jvnet-parent-3.pom to /home/runner/.gradle/.tmp/gradle_download5595519785794076654bin
[        ] Resource missing. [HTTP GET: https://dl.google.com/dl/android/maven2/org/jetbrains/kotlin/kotlin-stdlib/1.9.20/kotlin-stdlib-1.9.20.pom]
[        ] Downloading https://repo.maven.apache.org/maven2/org/jetbrains/kotlin/kotlin-stdlib/1.9.20/kotlin-stdlib-1.9.20.pom to /home/runner/.gradle/.tmp/gradle_download15904562845160481831bin
[  +99 ms] Downloading https://repo.maven.apache.org/maven2/org/jetbrains/kotlin/kotlin-stdlib/1.9.20/kotlin-stdlib-1.9.20.module to /home/runner/.gradle/.tmp/gradle_download5955267547949514322bin
[        ] Resource missing. [HTTP GET: https://dl.google.com/dl/android/maven2/org/jetbrains/kotlin/kotlin-stdlib-jdk7/1.9.20/kotlin-stdlib-jdk7-1.9.20.pom]
[        ] Downloading https://repo.maven.apache.org/maven2/org/jetbrains/kotlin/kotlin-stdlib-jdk7/1.9.20/kotlin-stdlib-jdk7-1.9.20.pom to /home/runner/.gradle/.tmp/gradle_download13823821579730102222bin
[        ] Resource missing. [HTTP GET: https://dl.google.com/dl/android/maven2/org/ow2/asm/asm-tree/9.6/asm-tree-9.6.pom]
[  +99 ms] Downloading https://repo.maven.apache.org/maven2/org/ow2/asm/asm-tree/9.6/asm-tree-9.6.pom to /home/runner/.gradle/.tmp/gradle_download11546541804324512986bin
[        ] Resource missing. [HTTP GET: https://dl.google.com/dl/android/maven2/org/bouncycastle/bcutil-jdk18on/1.77/bcutil-jdk18on-1.77.pom]
[        ] Downloading https://repo.maven.apache.org/maven2/org/bouncycastle/bcutil-jdk18on/1.77/bcutil-jdk18on-1.77.pom to /home/runner/.gradle/.tmp/gradle_download1448812991278482794bin
[        ] Resource missing. [HTTP GET: https://dl.google.com/dl/android/maven2/org/glassfish/jaxb/txw2/2.3.2/txw2-2.3.2.pom]
[        ] Resource missing. [HTTP GET: https://dl.google.com/dl/android/maven2/com/sun/istack/istack-commons-runtime/3.0.8/istack-commons-runtime-3.0.8.pom]
[        ] Resource missing. [HTTP GET: https://dl.google.com/dl/android/maven2/jakarta/xml/bind/jakarta.xml.bind-api/2.3.2/jakarta.xml.bind-api-2.3.2.pom]
[        ] Resource missing. [HTTP GET: https://dl.google.com/dl/android/maven2/org/jvnet/staxex/stax-ex/1.8.1/stax-ex-1.8.1.pom]
[        ] Downloading https://repo.maven.apache.org/maven2/jakarta/xml/bind/jakarta.xml.bind-api/2.3.2/jakarta.xml.bind-api-2.3.2.pom to /home/runner/.gradle/.tmp/gradle_download4187610955390627295bin
[        ] Downloading https://repo.maven.apache.org/maven2/com/sun/istack/istack-commons-runtime/3.0.8/istack-commons-runtime-3.0.8.pom to /home/runner/.gradle/.tmp/gradle_download13304959268099749064bin
[        ] Downloading https://repo.maven.apache.org/maven2/org/glassfish/jaxb/txw2/2.3.2/txw2-2.3.2.pom to /home/runner/.gradle/.tmp/gradle_download13402724877101142304bin
[        ] Downloading https://repo.maven.apache.org/maven2/org/jvnet/staxex/stax-ex/1.8.1/stax-ex-1.8.1.pom to /home/runner/.gradle/.tmp/gradle_download17379173981386191638bin
[  +98 ms] Resource missing. [HTTP GET: https://dl.google.com/dl/android/maven2/com/sun/istack/istack-commons/3.0.8/istack-commons-3.0.8.pom]
[        ] Resource missing. [HTTP GET: https://dl.google.com/dl/android/maven2/jakarta/xml/bind/jakarta.xml.bind-api-parent/2.3.2/jakarta.xml.bind-api-parent-2.3.2.pom]
[        ] Resource missing. [HTTP GET: https://dl.google.com/dl/android/maven2/com/sun/xml/fastinfoset/FastInfoset/1.2.16/FastInfoset-1.2.16.pom]
[        ] Resource missing. [HTTP GET: https://dl.google.com/dl/android/maven2/com/sun/xml/bind/mvn/jaxb-txw-parent/2.3.2/jaxb-txw-parent-2.3.2.pom]
[        ] Downloading https://repo.maven.apache.org/maven2/com/sun/istack/istack-commons/3.0.8/istack-commons-3.0.8.pom to /home/runner/.gradle/.tmp/gradle_download11949307500157819794bin
[        ] Downloading https://repo.maven.apache.org/maven2/jakarta/xml/bind/jakarta.xml.bind-api-parent/2.3.2/jakarta.xml.bind-api-parent-2.3.2.pom to /home/runner/.gradle/.tmp/gradle_download16625108014975395008bin
[        ] Downloading https://repo.maven.apache.org/maven2/com/sun/xml/bind/mvn/jaxb-txw-parent/2.3.2/jaxb-txw-parent-2.3.2.pom to /home/runner/.gradle/.tmp/gradle_download7175502525136942517bin
[        ] Downloading https://repo.maven.apache.org/maven2/com/sun/xml/fastinfoset/FastInfoset/1.2.16/FastInfoset-1.2.16.pom to /home/runner/.gradle/.tmp/gradle_download289385665840465041bin
[        ] Resource missing. [HTTP GET: https://dl.google.com/dl/android/maven2/jakarta/activation/jakarta.activation-api/1.2.1/jakarta.activation-api-1.2.1.pom]
[        ] Resource missing. [HTTP GET: https://dl.google.com/dl/android/maven2/com/sun/xml/fastinfoset/fastinfoset-project/1.2.16/fastinfoset-project-1.2.16.pom]
[        ] Downloading https://repo.maven.apache.org/maven2/com/sun/xml/fastinfoset/fastinfoset-project/1.2.16/fastinfoset-project-1.2.16.pom to /home/runner/.gradle/.tmp/gradle_download2183334489985565512bin
[        ] Downloading https://repo.maven.apache.org/maven2/jakarta/activation/jakarta.activation-api/1.2.1/jakarta.activation-api-1.2.1.pom to /home/runner/.gradle/.tmp/gradle_download2241041130939363247bin
[        ] Resource missing. [HTTP GET: https://dl.google.com/dl/android/maven2/com/sun/activation/all/1.2.1/all-1.2.1.pom]
[  +98 ms] Downloading https://repo.maven.apache.org/maven2/com/sun/activation/all/1.2.1/all-1.2.1.pom to /home/runner/.gradle/.tmp/gradle_download6511585189591610320bin
[        ] Resource missing. [HTTP GET: https://dl.google.com/dl/android/maven2/org/eclipse/ee4j/project/1.0.2/project-1.0.2.pom]
[        ] Downloading https://repo.maven.apache.org/maven2/org/eclipse/ee4j/project/1.0.2/project-1.0.2.pom to /home/runner/.gradle/.tmp/gradle_download17830013620163235043bin
[        ] Resource missing. [HTTP GET: https://dl.google.com/dl/android/maven2/com/google/auto/value/auto-value-annotations/1.6.2/auto-value-annotations-1.6.2.pom]
[        ] Resource missing. [HTTP GET: https://dl.google.com/dl/android/maven2/com/google/dagger/dagger/2.28.3/dagger-2.28.3.pom]
[        ] Resource missing. [HTTP GET: https://dl.google.com/dl/android/maven2/org/bitbucket/b_c/jose4j/0.9.5/jose4j-0.9.5.pom]
[        ] Resource missing. [HTTP GET: https://dl.google.com/dl/android/maven2/com/google/errorprone/error_prone_annotations/2.3.1/error_prone_annotations-2.3.1.pom]
[  +98 ms] Downloading https://repo.maven.apache.org/maven2/com/google/auto/value/auto-value-annotations/1.6.2/auto-value-annotations-1.6.2.pom to /home/runner/.gradle/.tmp/gradle_download5422526055276066736bin
[        ] Downloading https://repo.maven.apache.org/maven2/org/bitbucket/b_c/jose4j/0.9.5/jose4j-0.9.5.pom to /home/runner/.gradle/.tmp/gradle_download9144817987389199822bin
[        ] Downloading https://repo.maven.apache.org/maven2/com/google/errorprone/error_prone_annotations/2.3.1/error_prone_annotations-2.3.1.pom to /home/runner/.gradle/.tmp/gradle_download13861771765478626807bin
[        ] Downloading https://repo.maven.apache.org/maven2/com/google/dagger/dagger/2.28.3/dagger-2.28.3.pom to /home/runner/.gradle/.tmp/gradle_download16583787531087005512bin
[        ] Resource missing. [HTTP GET: https://dl.google.com/dl/android/maven2/com/google/auto/value/auto-value-parent/1.6.2/auto-value-parent-1.6.2.pom]
[        ] Resource missing. [HTTP GET: https://dl.google.com/dl/android/maven2/org/slf4j/slf4j-api/1.7.30/slf4j-api-1.7.30.pom]
[        ] Resource missing. [HTTP GET: https://dl.google.com/dl/android/maven2/com/google/errorprone/error_prone_parent/2.3.1/error_prone_parent-2.3.1.pom]
[        ] Downloading https://repo.maven.apache.org/maven2/com/google/auto/value/auto-value-parent/1.6.2/auto-value-parent-1.6.2.pom to /home/runner/.gradle/.tmp/gradle_download10153009952480424459bin
[        ] Downloading https://repo.maven.apache.org/maven2/org/slf4j/slf4j-api/1.7.30/slf4j-api-1.7.30.pom to /home/runner/.gradle/.tmp/gradle_download356771085961931588bin
[        ] Downloading https://repo.maven.apache.org/maven2/com/google/errorprone/error_prone_parent/2.3.1/error_prone_parent-2.3.1.pom to /home/runner/.gradle/.tmp/gradle_download10103921037853896192bin
[        ] Resource missing. [HTTP GET: https://dl.google.com/dl/android/maven2/com/google/auto/auto-parent/6/auto-parent-6.pom]
[        ] Resource missing. [HTTP GET: https://dl.google.com/dl/android/maven2/org/slf4j/slf4j-parent/1.7.30/slf4j-parent-1.7.30.pom]
[        ] Downloading https://repo.maven.apache.org/maven2/com/google/auto/auto-parent/6/auto-parent-6.pom to /home/runner/.gradle/.tmp/gradle_download15714255482427052860bin
[        ] Downloading https://repo.maven.apache.org/maven2/org/slf4j/slf4j-parent/1.7.30/slf4j-parent-1.7.30.pom to /home/runner/.gradle/.tmp/gradle_download11194159400063099792bin
[  +98 ms] Resource missing. [HTTP GET: https://dl.google.com/dl/android/maven2/org/jdom/jdom2/2.0.6/jdom2-2.0.6.pom]
[        ] Downloading https://repo.maven.apache.org/maven2/org/jdom/jdom2/2.0.6/jdom2-2.0.6.pom to /home/runner/.gradle/.tmp/gradle_download12475760039298848282bin
[        ] Resource missing. [HTTP GET: https://dl.google.com/dl/android/maven2/com/google/errorprone/error_prone_annotations/2.11.0/error_prone_annotations-2.11.0.pom]
[        ] Downloading https://repo.maven.apache.org/maven2/com/google/errorprone/error_prone_annotations/2.11.0/error_prone_annotations-2.11.0.pom to /home/runner/.gradle/.tmp/gradle_download11212646450594129757bin
[        ] Resource missing. [HTTP GET: https://dl.google.com/dl/android/maven2/com/google/errorprone/error_prone_parent/2.11.0/error_prone_parent-2.11.0.pom]
[  +99 ms] Downloading https://repo.maven.apache.org/maven2/com/google/errorprone/error_prone_parent/2.11.0/error_prone_parent-2.11.0.pom to /home/runner/.gradle/.tmp/gradle_download9730760482409629114bin
[        ] Resource missing. [HTTP GET: https://dl.google.com/dl/android/maven2/com/google/code/findbugs/jsr305/3.0.2/jsr305-3.0.2.pom]
[        ] Resource missing. [HTTP GET: https://dl.google.com/dl/android/maven2/com/google/j2objc/j2objc-annotations/1.3/j2objc-annotations-1.3.pom]
[        ] Downloading https://repo.maven.apache.org/maven2/com/google/code/findbugs/jsr305/3.0.2/jsr305-3.0.2.pom to /home/runner/.gradle/.tmp/gradle_download12996752241771528382bin
[        ] Downloading https://repo.maven.apache.org/maven2/com/google/j2objc/j2objc-annotations/1.3/j2objc-annotations-1.3.pom to /home/runner/.gradle/.tmp/gradle_download2293100595108788357bin
[        ] Resource missing. [HTTP GET: https://dl.google.com/dl/android/maven2/com/google/errorprone/error_prone_annotations/2.18.0/error_prone_annotations-2.18.0.pom]
[        ] Downloading https://repo.maven.apache.org/maven2/com/google/errorprone/error_prone_annotations/2.18.0/error_prone_annotations-2.18.0.pom to /home/runner/.gradle/.tmp/gradle_download8211798980107913680bin
[  +99 ms] Resource missing. [HTTP GET: https://dl.google.com/dl/android/maven2/com/google/errorprone/error_prone_parent/2.18.0/error_prone_parent-2.18.0.pom]
[        ] Downloading https://repo.maven.apache.org/maven2/com/google/errorprone/error_prone_parent/2.18.0/error_prone_parent-2.18.0.pom to /home/runner/.gradle/.tmp/gradle_download11942849086684764870bin
[        ] Resource missing. [HTTP GET: https://dl.google.com/dl/android/maven2/io/grpc/grpc-api/1.57.0/grpc-api-1.57.0.pom]
[        ] Resource missing. [HTTP GET: https://dl.google.com/dl/android/maven2/io/perfmark/perfmark-api/0.26.0/perfmark-api-0.26.0.pom]
[        ] Resource missing. [HTTP GET: https://dl.google.com/dl/android/maven2/org/codehaus/mojo/animal-sniffer-annotations/1.23/animal-sniffer-annotations-1.23.pom]
[        ] Resource missing. [HTTP GET: https://dl.google.com/dl/android/maven2/com/google/android/annotations/4.1.1.4/annotations-4.1.1.4.pom]
[        ] Downloading https://repo.maven.apache.org/maven2/io/grpc/grpc-api/1.57.0/grpc-api-1.57.0.pom to /home/runner/.gradle/.tmp/gradle_download16070229503302097479bin
[        ] Downloading https://repo.maven.apache.org/maven2/org/codehaus/mojo/animal-sniffer-annotations/1.23/animal-sniffer-annotations-1.23.pom to /home/runner/.gradle/.tmp/gradle_download15902835981149083253bin
[        ] Downloading https://repo.maven.apache.org/maven2/io/perfmark/perfmark-api/0.26.0/perfmark-api-0.26.0.pom to /home/runner/.gradle/.tmp/gradle_download8319402314490345575bin
[        ] Downloading https://repo.maven.apache.org/maven2/com/google/android/annotations/4.1.1.4/annotations-4.1.1.4.pom to /home/runner/.gradle/.tmp/gradle_download12955578300268092259bin
[        ] Resource missing. [HTTP GET: https://dl.google.com/dl/android/maven2/org/codehaus/mojo/animal-sniffer-parent/1.23/animal-sniffer-parent-1.23.pom]
[        ] Resource missing. [HTTP GET: https://dl.google.com/dl/android/maven2/io/grpc/grpc-context/1.57.0/grpc-context-1.57.0.pom]
[        ] Downloading https://repo.maven.apache.org/maven2/io/perfmark/perfmark-api/0.26.0/perfmark-api-0.26.0.module to /home/runner/.gradle/.tmp/gradle_download6779883522149791592bin
[  +98 ms] Downloading https://repo.maven.apache.org/maven2/io/grpc/grpc-context/1.57.0/grpc-context-1.57.0.pom to /home/runner/.gradle/.tmp/gradle_download1391061630725614587bin
[        ] Downloading https://repo.maven.apache.org/maven2/org/codehaus/mojo/animal-sniffer-parent/1.23/animal-sniffer-parent-1.23.pom to /home/runner/.gradle/.tmp/gradle_download12989054697792236827bin
[        ] Resource missing. [HTTP GET: https://dl.google.com/dl/android/maven2/org/codehaus/mojo/mojo-parent/74/mojo-parent-74.pom]
[        ] Downloading https://repo.maven.apache.org/maven2/org/codehaus/mojo/mojo-parent/74/mojo-parent-74.pom to /home/runner/.gradle/.tmp/gradle_download12624192225485937613bin
[        ] Resource missing. [HTTP GET: https://dl.google.com/dl/android/maven2/org/junit/junit-bom/5.9.2/junit-bom-5.9.2.pom]
[        ] Downloading https://repo.maven.apache.org/maven2/org/junit/junit-bom/5.9.2/junit-bom-5.9.2.pom to /home/runner/.gradle/.tmp/gradle_download2129581882217705018bin
[  +99 ms] Downloading https://repo.maven.apache.org/maven2/org/junit/junit-bom/5.9.2/junit-bom-5.9.2.module to /home/runner/.gradle/.tmp/gradle_download1840523674655492502bin
[        ] Resource missing. [HTTP GET: https://dl.google.com/dl/android/maven2/io/netty/netty-transport-native-unix-common/4.1.93.Final/netty-transport-native-unix-common-4.1.93.Final.pom]
[        ] Resource missing. [HTTP GET: https://dl.google.com/dl/android/maven2/io/netty/netty-handler-proxy/4.1.93.Final/netty-handler-proxy-4.1.93.Final.pom]
[        ] Resource missing. [HTTP GET: https://dl.google.com/dl/android/maven2/io/netty/netty-codec-http2/4.1.93.Final/netty-codec-http2-4.1.93.Final.pom]
[        ] Downloading https://repo.maven.apache.org/maven2/io/netty/netty-handler-proxy/4.1.93.Final/netty-handler-proxy-4.1.93.Final.pom to /home/runner/.gradle/.tmp/gradle_download5298444765244640548bin
[        ] Downloading https://repo.maven.apache.org/maven2/io/netty/netty-codec-http2/4.1.93.Final/netty-codec-http2-4.1.93.Final.pom to /home/runner/.gradle/.tmp/gradle_download8614823058435328814bin
[        ] Downloading https://repo.maven.apache.org/maven2/io/netty/netty-transport-native-unix-common/4.1.93.Final/netty-transport-native-unix-common-4.1.93.Final.pom to /home/runner/.gradle/.tmp/gradle_download9616499968938453956bin
[        ] Resource missing. [HTTP GET: https://dl.google.com/dl/android/maven2/io/netty/netty-parent/4.1.93.Final/netty-parent-4.1.93.Final.pom]
[  +99 ms] Downloading https://repo.maven.apache.org/maven2/io/netty/netty-parent/4.1.93.Final/netty-parent-4.1.93.Final.pom to /home/runner/.gradle/.tmp/gradle_download5561614943196857166bin
[        ] Resource missing. [HTTP GET: https://dl.google.com/dl/android/maven2/org/sonatype/oss/oss-parent/9/oss-parent-9.pom]
[        ] Downloading https://repo.maven.apache.org/maven2/org/sonatype/oss/oss-parent/9/oss-parent-9.pom to /home/runner/.gradle/.tmp/gradle_download15006089071810132901bin
[        ] Resource missing. [HTTP GET: https://dl.google.com/dl/android/maven2/com/google/api/grpc/proto-google-common-protos/2.17.0/proto-google-common-protos-2.17.0.pom]
[        ] Resource missing. [HTTP GET: https://dl.google.com/dl/android/maven2/io/grpc/grpc-protobuf-lite/1.57.0/grpc-protobuf-lite-1.57.0.pom]
[  +99 ms] Downloading https://repo.maven.apache.org/maven2/io/grpc/grpc-protobuf-lite/1.57.0/grpc-protobuf-lite-1.57.0.pom to /home/runner/.gradle/.tmp/gradle_download17923752541014957069bin
[        ] Downloading https://repo.maven.apache.org/maven2/com/google/api/grpc/proto-google-common-protos/2.17.0/proto-google-common-protos-2.17.0.pom to /home/runner/.gradle/.tmp/gradle_download9092139516371478740bin
[        ] Resource missing. [HTTP GET: https://dl.google.com/dl/android/maven2/org/checkerframework/checker-qual/2.5.8/checker-qual-2.5.8.pom]
[        ] Downloading https://repo.maven.apache.org/maven2/org/checkerframework/checker-qual/2.5.8/checker-qual-2.5.8.pom to /home/runner/.gradle/.tmp/gradle_download15592627293350279692bin
[        ] Resource missing. [HTTP GET: https://dl.google.com/dl/android/maven2/commons-codec/commons-codec/1.10/commons-codec-1.10.pom]
[        ] Downloading https://dl.google.com/dl/android/maven2/com/android/signflinger/8.6.0/signflinger-8.6.0.pom to /home/runner/.gradle/.tmp/gradle_download8870833518424324048bin
[        ] Downloading https://dl.google.com/dl/android/maven2/com/android/tools/analytics-library/tracker/31.6.0/tracker-31.6.0.pom to /home/runner/.gradle/.tmp/gradle_download1767485306757210228bin
[        ] Downloading https://dl.google.com/dl/android/maven2/com/android/tools/build/manifest-merger/31.6.0/manifest-merger-31.6.0.pom to /home/runner/.gradle/.tmp/gradle_download12329460449815007313bin
[        ] Downloading https://dl.google.com/dl/android/maven2/com/android/zipflinger/8.6.0/zipflinger-8.6.0.pom to /home/runner/.gradle/.tmp/gradle_download17028214532172652838bin
[        ] Downloading https://dl.google.com/dl/android/maven2/com/android/tools/build/apksig/8.6.0/apksig-8.6.0.pom to /home/runner/.gradle/.tmp/gradle_download14354566645618998987bin
[        ] Downloading https://dl.google.com/dl/android/maven2/com/android/tools/build/manifest-merger/31.6.0/manifest-merger-31.6.0.module to /home/runner/.gradle/.tmp/gradle_download10793793281721608310bin
[        ] Downloading https://repo.maven.apache.org/maven2/commons-codec/commons-codec/1.10/commons-codec-1.10.pom to /home/runner/.gradle/.tmp/gradle_download7553087829448080047bin
[        ] Downloading https://dl.google.com/dl/android/maven2/com/android/tools/build/apkzlib/8.6.0/apkzlib-8.6.0.pom to /home/runner/.gradle/.tmp/gradle_download17162921513781669742bin
[        ] Resource missing. [HTTP GET: https://dl.google.com/dl/android/maven2/org/apache/commons/commons-parent/35/commons-parent-35.pom]
[  +98 ms] Downloading https://repo.maven.apache.org/maven2/org/apache/commons/commons-parent/35/commons-parent-35.pom to /home/runner/.gradle/.tmp/gradle_download11906704956054632853bin
[        ] Resource missing. [HTTP GET: https://dl.google.com/dl/android/maven2/org/apache/apache/15/apache-15.pom]
[        ] Downloading https://repo.maven.apache.org/maven2/org/apache/apache/15/apache-15.pom to /home/runner/.gradle/.tmp/gradle_download18135787323783918181bin
[        ] Resource missing. [HTTP GET: https://dl.google.com/dl/android/maven2/org/checkerframework/checker-qual/3.33.0/checker-qual-3.33.0.pom]
[  +99 ms] Downloading https://repo.maven.apache.org/maven2/org/checkerframework/checker-qual/3.33.0/checker-qual-3.33.0.pom to /home/runner/.gradle/.tmp/gradle_download13097364453553498504bin
[        ] Downloading https://repo.maven.apache.org/maven2/org/checkerframework/checker-qual/3.33.0/checker-qual-3.33.0.module to /home/runner/.gradle/.tmp/gradle_download10282261106023812864bin
[        ] Resource missing. [HTTP GET: https://dl.google.com/dl/android/maven2/com/google/j2objc/j2objc-annotations/2.8/j2objc-annotations-2.8.pom]
[        ] Downloading https://repo.maven.apache.org/maven2/com/google/j2objc/j2objc-annotations/2.8/j2objc-annotations-2.8.pom to /home/runner/.gradle/.tmp/gradle_download17983466430554606213bin
[        ] Resource missing. [HTTP GET: https://dl.google.com/dl/android/maven2/com/google/guava/failureaccess/1.0.1/failureaccess-1.0.1.pom]
[        ] Resource missing. [HTTP GET: https://dl.google.com/dl/android/maven2/com/google/guava/listenablefuture/9999.0-empty-to-avoid-conflict-with-guava/listenablefuture-9999.0-empty-to-avoid-conflict-with-guava.pom]
[  +99 ms] Downloading https://repo.maven.apache.org/maven2/com/google/guava/failureaccess/1.0.1/failureaccess-1.0.1.pom to /home/runner/.gradle/.tmp/gradle_download459768093024985383bin
[        ] Downloading https://repo.maven.apache.org/maven2/com/google/guava/listenablefuture/9999.0-empty-to-avoid-conflict-with-guava/listenablefuture-9999.0-empty-to-avoid-conflict-with-guava.pom to /home/runner/.gradle/.tmp/gradle_download14590342849575885728bin
[        ] Resource missing. [HTTP GET: https://dl.google.com/dl/android/maven2/com/google/guava/guava-parent/26.0-android/guava-parent-26.0-android.pom]
[        ] Downloading https://repo.maven.apache.org/maven2/com/google/guava/guava-parent/26.0-android/guava-parent-26.0-android.pom to /home/runner/.gradle/.tmp/gradle_download3138092319115410590bin
[        ] Resource missing. [HTTP GET: https://dl.google.com/dl/android/maven2/commons-codec/commons-codec/1.11/commons-codec-1.11.pom]
[  +99 ms] Downloading https://repo.maven.apache.org/maven2/commons-codec/commons-codec/1.11/commons-codec-1.11.pom to /home/runner/.gradle/.tmp/gradle_download9982880500328801207bin
[        ] Resource missing. [HTTP GET: https://dl.google.com/dl/android/maven2/org/apache/commons/commons-parent/42/commons-parent-42.pom]
[        ] Downloading https://repo.maven.apache.org/maven2/org/apache/commons/commons-parent/42/commons-parent-42.pom to /home/runner/.gradle/.tmp/gradle_download10250739482654694940bin
[  +99 ms] Resource missing. [HTTP GET: https://dl.google.com/dl/android/maven2/commons-logging/commons-logging/1.2/commons-logging-1.2.pom]
[        ] Downloading https://repo.maven.apache.org/maven2/commons-logging/commons-logging/1.2/commons-logging-1.2.pom to /home/runner/.gradle/.tmp/gradle_download17684265203625730386bin
[        ] Resource missing. [HTTP GET: https://dl.google.com/dl/android/maven2/org/apache/commons/commons-parent/34/commons-parent-34.pom]
[        ] Downloading https://repo.maven.apache.org/maven2/org/apache/commons/commons-parent/34/commons-parent-34.pom to /home/runner/.gradle/.tmp/gradle_download12440873449012922756bin
[        ] Resource missing. [HTTP GET: https://dl.google.com/dl/android/maven2/org/apache/apache/13/apache-13.pom]
[  +99 ms] Downloading https://repo.maven.apache.org/maven2/org/apache/apache/13/apache-13.pom to /home/runner/.gradle/.tmp/gradle_download12760941870505391420bin
[        ] Resource missing. [HTTP GET: https://dl.google.com/dl/android/maven2/net/java/dev/jna/jna/5.6.0/jna-5.6.0.pom]
[        ] Downloading https://repo.maven.apache.org/maven2/net/java/dev/jna/jna/5.6.0/jna-5.6.0.pom to /home/runner/.gradle/.tmp/gradle_download12846963803304451649bin
[        ] Resource missing. [HTTP GET: https://dl.google.com/dl/android/maven2/org/jetbrains/kotlin/kotlin-stdlib-common/1.9.20/kotlin-stdlib-common-1.9.20.pom]
[  +99 ms] Downloading https://repo.maven.apache.org/maven2/org/jetbrains/kotlin/kotlin-stdlib-common/1.9.20/kotlin-stdlib-common-1.9.20.pom to /home/runner/.gradle/.tmp/gradle_download14392365697487657479bin
[        ] Downloading https://repo.maven.apache.org/maven2/org/jetbrains/kotlin/kotlin-stdlib-common/1.9.20/kotlin-stdlib-common-1.9.20.module to /home/runner/.gradle/.tmp/gradle_download12218470789098269487bin
[        ] Resource missing. [HTTP GET: https://dl.google.com/dl/android/maven2/io/netty/netty-buffer/4.1.93.Final/netty-buffer-4.1.93.Final.pom]
[        ] Resource missing. [HTTP GET: https://dl.google.com/dl/android/maven2/io/netty/netty-common/4.1.93.Final/netty-common-4.1.93.Final.pom]
[        ] Resource missing. [HTTP GET: https://dl.google.com/dl/android/maven2/io/netty/netty-codec/4.1.93.Final/netty-codec-4.1.93.Final.pom]
[        ] Resource missing. [HTTP GET: https://dl.google.com/dl/android/maven2/io/netty/netty-transport/4.1.93.Final/netty-transport-4.1.93.Final.pom]
[        ] Downloading https://repo.maven.apache.org/maven2/io/netty/netty-codec/4.1.93.Final/netty-codec-4.1.93.Final.pom to /home/runner/.gradle/.tmp/gradle_download8027837568603190695bin
[        ] Downloading https://repo.maven.apache.org/maven2/io/netty/netty-transport/4.1.93.Final/netty-transport-4.1.93.Final.pom to /home/runner/.gradle/.tmp/gradle_download1456310651242484819bin
[        ] Downloading https://repo.maven.apache.org/maven2/io/netty/netty-common/4.1.93.Final/netty-common-4.1.93.Final.pom to /home/runner/.gradle/.tmp/gradle_download10295717656975543821bin
[        ] Downloading https://repo.maven.apache.org/maven2/io/netty/netty-buffer/4.1.93.Final/netty-buffer-4.1.93.Final.pom to /home/runner/.gradle/.tmp/gradle_download12564915977032801125bin
[        ] Resource missing. [HTTP GET: https://dl.google.com/dl/android/maven2/io/netty/netty-handler/4.1.93.Final/netty-handler-4.1.93.Final.pom]
[        ] Resource missing. [HTTP GET: https://dl.google.com/dl/android/maven2/io/netty/netty-codec-http/4.1.93.Final/netty-codec-http-4.1.93.Final.pom]
[  +99 ms] Downloading https://repo.maven.apache.org/maven2/io/netty/netty-handler/4.1.93.Final/netty-handler-4.1.93.Final.pom to /home/runner/.gradle/.tmp/gradle_download14810013468932061749bin
[        ] Downloading https://repo.maven.apache.org/maven2/io/netty/netty-codec-http/4.1.93.Final/netty-codec-http-4.1.93.Final.pom to /home/runner/.gradle/.tmp/gradle_download6520273517902723670bin
[        ] Resource missing. [HTTP GET: https://dl.google.com/dl/android/maven2/io/netty/netty-codec-socks/4.1.93.Final/netty-codec-socks-4.1.93.Final.pom]
[        ] Downloading https://repo.maven.apache.org/maven2/io/netty/netty-codec-socks/4.1.93.Final/netty-codec-socks-4.1.93.Final.pom to /home/runner/.gradle/.tmp/gradle_download13020096987213460243bin
[        ] Resource missing. [HTTP GET: https://dl.google.com/dl/android/maven2/io/netty/netty-resolver/4.1.93.Final/netty-resolver-4.1.93.Final.pom]
[  +99 ms] Downloading https://repo.maven.apache.org/maven2/io/netty/netty-resolver/4.1.93.Final/netty-resolver-4.1.93.Final.pom to /home/runner/.gradle/.tmp/gradle_download12008793206539179159bin
[        ] Downloading https://dl.google.com/dl/android/maven2/com/android/tools/build/gradle/8.6.0/gradle-8.6.0.jar to /home/runner/.gradle/.tmp/gradle_download7078355887866891564bin
[        ] Downloading https://repo.maven.apache.org/maven2/org/jetbrains/kotlin/kotlin-klib-commonizer-api/2.0.0/kotlin-klib-commonizer-api-2.0.0.jar to /home/runner/.gradle/.tmp/gradle_download12831227680359061289bin
[        ] Downloading https://repo.maven.apache.org/maven2/org/jetbrains/kotlin/kotlin-gradle-plugin-idea-proto/2.0.0/kotlin-gradle-plugin-idea-proto-2.0.0.jar to /home/runner/.gradle/.tmp/gradle_download16695759864619035593bin
[        ] Downloading https://repo.maven.apache.org/maven2/org/jetbrains/kotlin/kotlin-gradle-plugin-idea/2.0.0/kotlin-gradle-plugin-idea-2.0.0.jar to /home/runner/.gradle/.tmp/gradle_download11386702232157272328bin
[        ] Downloading https://repo.maven.apache.org/maven2/org/jetbrains/kotlin/kotlin-build-statistics/2.0.0/kotlin-build-statistics-2.0.0.jar to /home/runner/.gradle/.tmp/gradle_download17589390748011390125bin
[  +88 ms] Downloading https://repo.maven.apache.org/maven2/org/jetbrains/kotlin/kotlin-build-tools-api/2.0.0/kotlin-build-tools-api-2.0.0.jar to /home/runner/.gradle/.tmp/gradle_download15697590419055985687bin
[   +5 ms] Downloading https://repo.maven.apache.org/maven2/org/jetbrains/kotlin/kotlin-compiler-runner/2.0.0/kotlin-compiler-runner-2.0.0.jar to /home/runner/.gradle/.tmp/gradle_download147157700759365370bin
[        ] Downloading https://repo.maven.apache.org/maven2/org/jetbrains/kotlin/kotlin-compiler-embeddable/2.0.0/kotlin-compiler-embeddable-2.0.0.jar to /home/runner/.gradle/.tmp/gradle_download12749530930050038414bin
[        ] Downloading https://dl.google.com/dl/android/maven2/com/android/tools/build/gradle-settings-api/8.6.0/gradle-settings-api-8.6.0.jar to /home/runner/.gradle/.tmp/gradle_download18015646475024303199bin
[        ] Downloading https://dl.google.com/dl/android/maven2/com/android/tools/lint/lint-model/31.6.0/lint-model-31.6.0.jar to /home/runner/.gradle/.tmp/gradle_download2303008126519115380bin
[        ] Downloading https://dl.google.com/dl/android/maven2/com/android/tools/build/builder/8.6.0/builder-8.6.0.jar to /home/runner/.gradle/.tmp/gradle_download1037908082466660075bin
[   +1 ms] Downloading https://dl.google.com/dl/android/maven2/com/android/tools/build/manifest-merger/31.6.0/manifest-merger-31.6.0.jar to /home/runner/.gradle/.tmp/gradle_download5665746039042418920bin
[        ] Downloading https://dl.google.com/dl/android/maven2/com/android/tools/sdk-common/31.6.0/sdk-common-31.6.0.jar to /home/runner/.gradle/.tmp/gradle_download15761842613965269548bin
[  +91 ms] Downloading https://dl.google.com/dl/android/maven2/com/android/tools/repository/31.6.0/repository-31.6.0.jar to /home/runner/.gradle/.tmp/gradle_download2304945960431481847bin
[        ] Downloading https://dl.google.com/dl/android/maven2/com/android/tools/sdklib/31.6.0/sdklib-31.6.0.jar to /home/runner/.gradle/.tmp/gradle_download5736473988092992931bin
[  +10 ms] Downloading https://dl.google.com/dl/android/maven2/com/android/tools/build/gradle-api/8.6.0/gradle-api-8.6.0.jar to /home/runner/.gradle/.tmp/gradle_download8313892219294892521bin
[  +86 ms] Downloading https://dl.google.com/dl/android/maven2/com/android/tools/ddms/ddmlib/31.6.0/ddmlib-31.6.0.jar to /home/runner/.gradle/.tmp/gradle_download16351238800826824202bin
[   +5 ms] Downloading https://dl.google.com/dl/android/maven2/com/android/tools/build/aaptcompiler/8.6.0/aaptcompiler-8.6.0.jar to /home/runner/.gradle/.tmp/gradle_download15990916115141991447bin
[        ] Downloading https://dl.google.com/dl/android/maven2/com/android/tools/build/builder-test-api/8.6.0/builder-test-api-8.6.0.jar to /home/runner/.gradle/.tmp/gradle_download14909909286214684712bin
[   +6 ms] Downloading https://dl.google.com/dl/android/maven2/com/android/tools/build/aapt2-proto/8.6.0-11315950/aapt2-proto-8.6.0-11315950.jar to /home/runner/.gradle/.tmp/gradle_download12264226883147369733bin
[        ] Downloading https://dl.google.com/dl/android/maven2/com/android/tools/build/bundletool/1.16.0/bundletool-1.16.0.jar to /home/runner/.gradle/.tmp/gradle_download6675512859211714263bin
[ +102 ms] Downloading https://dl.google.com/dl/android/maven2/com/android/tools/analytics-library/tracker/31.6.0/tracker-31.6.0.jar to /home/runner/.gradle/.tmp/gradle_download3014313058184104223bin
[        ] Downloading https://dl.google.com/dl/android/maven2/com/android/tools/analytics-library/crash/31.6.0/crash-31.6.0.jar to /home/runner/.gradle/.tmp/gradle_download12454345257128525427bin
[  +97 ms] Downloading https://dl.google.com/dl/android/maven2/androidx/databinding/databinding-compiler-common/8.6.0/databinding-compiler-common-8.6.0.jar to /home/runner/.gradle/.tmp/gradle_download17962149619006183238bin
[        ] Downloading https://dl.google.com/dl/android/maven2/com/android/tools/lint/lint-typedef-remover/31.6.0/lint-typedef-remover-31.6.0.jar to /home/runner/.gradle/.tmp/gradle_download15832349716766295497bin
[        ] Downloading https://dl.google.com/dl/android/maven2/androidx/databinding/databinding-common/8.6.0/databinding-common-8.6.0.jar to /home/runner/.gradle/.tmp/gradle_download1718343917427711370bin
[   +1 ms] Downloading https://dl.google.com/dl/android/maven2/com/android/databinding/baseLibrary/8.6.0/baseLibrary-8.6.0.jar to /home/runner/.gradle/.tmp/gradle_download11543660804983317168bin
[        ] Downloading https://dl.google.com/dl/android/maven2/com/android/tools/layoutlib/layoutlib-api/31.6.0/layoutlib-api-31.6.0.jar to /home/runner/.gradle/.tmp/gradle_download5827917532046057581bin
[        ] Downloading https://dl.google.com/dl/android/maven2/com/android/tools/utp/android-device-provider-ddmlib-proto/31.6.0/android-device-provider-ddmlib-proto-31.6.0.jar to /home/runner/.gradle/.tmp/gradle_download4116442351357616492bin
[        ] Downloading https://dl.google.com/dl/android/maven2/com/android/tools/analytics-library/shared/31.6.0/shared-31.6.0.jar to /home/runner/.gradle/.tmp/gradle_download4869088987108818923bin
[        ] Downloading https://dl.google.com/dl/android/maven2/com/android/tools/utp/android-test-plugin-host-coverage-proto/31.6.0/android-test-plugin-host-coverage-proto-31.6.0.jar to /home/runner/.gradle/.tmp/gradle_download5935596436906298347bin
[  +96 ms] Downloading https://dl.google.com/dl/android/maven2/com/android/tools/utp/android-test-plugin-host-logcat-proto/31.6.0/android-test-plugin-host-logcat-proto-31.6.0.jar to /home/runner/.gradle/.tmp/gradle_download13386547695918679929bin
[        ] Downloading https://dl.google.com/dl/android/maven2/com/android/tools/utp/android-test-plugin-host-additional-test-output-proto/31.6.0/android-test-plugin-host-additional-test-output-proto-31.6.0.jar to /home/runner/.gradle/.tmp/gradle_download5969595996084291968bin
[        ] Downloading https://dl.google.com/dl/android/maven2/com/android/tools/utp/android-test-plugin-host-apk-installer-proto/31.6.0/android-test-plugin-host-apk-installer-proto-31.6.0.jar to /home/runner/.gradle/.tmp/gradle_download16537161710926021992bin
[        ] Downloading https://dl.google.com/dl/android/maven2/com/android/tools/utp/android-device-provider-gradle-proto/31.6.0/android-device-provider-gradle-proto-31.6.0.jar to /home/runner/.gradle/.tmp/gradle_download489599669886478855bin
[        ] Downloading https://dl.google.com/dl/android/maven2/com/android/tools/utp/android-test-plugin-host-retention-proto/31.6.0/android-test-plugin-host-retention-proto-31.6.0.jar to /home/runner/.gradle/.tmp/gradle_download9070035642716874512bin
[        ] Downloading https://dl.google.com/dl/android/maven2/com/android/tools/build/builder-model/8.6.0/builder-model-8.6.0.jar to /home/runner/.gradle/.tmp/gradle_download6014842080259205116bin
[        ] Downloading https://dl.google.com/dl/android/maven2/com/android/tools/utp/android-test-plugin-result-listener-gradle-proto/31.6.0/android-test-plugin-result-listener-gradle-proto-31.6.0.jar to /home/runner/.gradle/.tmp/gradle_download17672460543891745305bin
[        ] Downloading https://dl.google.com/dl/android/maven2/com/android/tools/dvlib/31.6.0/dvlib-31.6.0.jar to /home/runner/.gradle/.tmp/gradle_download16726312052800263685bin
[        ] Downloading https://dl.google.com/dl/android/maven2/com/android/tools/common/31.6.0/common-31.6.0.jar to /home/runner/.gradle/.tmp/gradle_download4766687371334165483bin
[        ] Downloading https://dl.google.com/dl/android/maven2/com/android/tools/utp/android-test-plugin-host-emulator-control-proto/31.6.0/android-test-plugin-host-emulator-control-proto-31.6.0.jar to /home/runner/.gradle/.tmp/gradle_download11779531021808744364bin
[        ] Downloading https://dl.google.com/dl/android/maven2/com/android/tools/build/jetifier/jetifier-processor/1.0.0-beta10/jetifier-processor-1.0.0-beta10.jar to /home/runner/.gradle/.tmp/gradle_download14681414815961399608bin
[        ] Downloading https://dl.google.com/dl/android/maven2/com/android/tools/build/jetifier/jetifier-core/1.0.0-beta10/jetifier-core-1.0.0-beta10.jar to /home/runner/.gradle/.tmp/gradle_download8422399995897579828bin
[        ] Downloading https://repo.maven.apache.org/maven2/org/jetbrains/kotlin/kotlin-stdlib-jdk7/1.9.20/kotlin-stdlib-jdk7-1.9.20.jar to /home/runner/.gradle/.tmp/gradle_download2489351852922019060bin
[        ] Downloading https://repo.maven.apache.org/maven2/org/jetbrains/kotlin/kotlin-reflect/1.9.20/kotlin-reflect-1.9.20.jar to /home/runner/.gradle/.tmp/gradle_download1115213940987415393bin
[        ] Downloading https://repo.maven.apache.org/maven2/org/jetbrains/kotlin/kotlin-stdlib/1.9.20/kotlin-stdlib-1.9.20.jar to /home/runner/.gradle/.tmp/gradle_download2965018506249880107bin
[  +98 ms] Downloading https://repo.maven.apache.org/maven2/org/jetbrains/kotlin/kotlin-stdlib-jdk8/1.9.20/kotlin-stdlib-jdk8-1.9.20.jar to /home/runner/.gradle/.tmp/gradle_download13399505915647978493bin
[        ] Downloading https://dl.google.com/dl/android/maven2/com/android/tools/build/transform-api/2.0.0-deprecated-use-gradle-api/transform-api-2.0.0-deprecated-use-gradle-api.jar to /home/runner/.gradle/.tmp/gradle_download16462779236842073129bin
[        ] Downloading https://repo.maven.apache.org/maven2/org/ow2/asm/asm-commons/9.6/asm-commons-9.6.jar to /home/runner/.gradle/.tmp/gradle_download11598839373885077229bin
[        ] Downloading https://repo.maven.apache.org/maven2/org/ow2/asm/asm-util/9.6/asm-util-9.6.jar to /home/runner/.gradle/.tmp/gradle_download7892689167157982104bin
[        ] Downloading https://repo.maven.apache.org/maven2/commons-io/commons-io/2.13.0/commons-io-2.13.0.jar to /home/runner/.gradle/.tmp/gradle_download4957981487224671745bin
[        ] Downloading https://repo.maven.apache.org/maven2/org/apache/httpcomponents/httpmime/4.5.6/httpmime-4.5.6.jar to /home/runner/.gradle/.tmp/gradle_download17033047466544411513bin
[        ] Downloading https://repo.maven.apache.org/maven2/org/ow2/asm/asm-analysis/9.6/asm-analysis-9.6.jar to /home/runner/.gradle/.tmp/gradle_download8366036937470454349bin
[        ] Downloading https://dl.google.com/dl/android/maven2/com/android/tools/build/apkzlib/8.6.0/apkzlib-8.6.0.jar to /home/runner/.gradle/.tmp/gradle_download5407920158832547202bin
[        ] Downloading https://repo.maven.apache.org/maven2/org/ow2/asm/asm-tree/9.6/asm-tree-9.6.jar to /home/runner/.gradle/.tmp/gradle_download17678392804105896435bin
[        ] Downloading https://repo.maven.apache.org/maven2/org/ow2/asm/asm/9.6/asm-9.6.jar to /home/runner/.gradle/.tmp/gradle_download14922981661763551420bin
[        ] Downloading https://repo.maven.apache.org/maven2/org/bouncycastle/bcpkix-jdk18on/1.77/bcpkix-jdk18on-1.77.jar to /home/runner/.gradle/.tmp/gradle_download13681473769075801507bin
[        ] Downloading https://repo.maven.apache.org/maven2/net/sf/jopt-simple/jopt-simple/4.9/jopt-simple-4.9.jar to /home/runner/.gradle/.tmp/gradle_download14946885103982525275bin
[        ] Downloading https://repo.maven.apache.org/maven2/com/squareup/javapoet/1.10.0/javapoet-1.10.0.jar to /home/runner/.gradle/.tmp/gradle_download8980489492902758146bin
[        ] Downloading https://repo.maven.apache.org/maven2/org/glassfish/jaxb/jaxb-runtime/2.3.2/jaxb-runtime-2.3.2.jar to /home/runner/.gradle/.tmp/gradle_download8975575852832723804bin
[        ] Downloading https://repo.maven.apache.org/maven2/io/grpc/grpc-protobuf/1.57.0/grpc-protobuf-1.57.0.jar to /home/runner/.gradle/.tmp/gradle_download14978862784504186908bin
[        ] Downloading https://repo.maven.apache.org/maven2/com/google/protobuf/protobuf-java-util/3.22.3/protobuf-java-util-3.22.3.jar to /home/runner/.gradle/.tmp/gradle_download15219169490447996602bin
[  +98 ms] Downloading https://dl.google.com/dl/android/maven2/com/android/tools/analytics-library/protos/31.6.0/protos-31.6.0.jar to /home/runner/.gradle/.tmp/gradle_download5754677972285476962bin
[        ] Downloading https://repo.maven.apache.org/maven2/com/google/crypto/tink/tink/1.7.0/tink-1.7.0.jar to /home/runner/.gradle/.tmp/gradle_download17319235494189992974bin
[        ] Downloading https://repo.maven.apache.org/maven2/com/google/api/grpc/proto-google-common-protos/2.17.0/proto-google-common-protos-2.17.0.jar to /home/runner/.gradle/.tmp/gradle_download17285943188188717172bin
[        ] Downloading https://repo.maven.apache.org/maven2/com/google/protobuf/protobuf-java/3.22.3/protobuf-java-3.22.3.jar to /home/runner/.gradle/.tmp/gradle_download10625171538913435139bin
[        ] Downloading https://repo.maven.apache.org/maven2/io/grpc/grpc-netty/1.57.0/grpc-netty-1.57.0.jar to /home/runner/.gradle/.tmp/gradle_download15776690290448441735bin
[        ] Downloading https://repo.maven.apache.org/maven2/io/grpc/grpc-core/1.57.0/grpc-core-1.57.0.jar to /home/runner/.gradle/.tmp/gradle_download3441418223643358993bin
[        ] Downloading https://repo.maven.apache.org/maven2/com/google/code/gson/gson/2.10.1/gson-2.10.1.jar to /home/runner/.gradle/.tmp/gradle_download12316441499137184413bin
[        ] Downloading https://repo.maven.apache.org/maven2/io/grpc/grpc-stub/1.57.0/grpc-stub-1.57.0.jar to /home/runner/.gradle/.tmp/gradle_download16182532874651871842bin
[        ] Downloading https://dl.google.com/dl/android/maven2/com/google/testing/platform/core-proto/0.0.9-alpha02/core-proto-0.0.9-alpha02.jar to /home/runner/.gradle/.tmp/gradle_download6678650238139465251bin
[        ] Downloading https://repo.maven.apache.org/maven2/net/sf/kxml/kxml2/2.3.0/kxml2-2.3.0.jar to /home/runner/.gradle/.tmp/gradle_download7440198451130509685bin
[        ] Downloading https://repo.maven.apache.org/maven2/org/tensorflow/tensorflow-lite-metadata/0.1.0-rc2/tensorflow-lite-metadata-0.1.0-rc2.jar to /home/runner/.gradle/.tmp/gradle_download14450175247125974901bin
[  +96 ms] Downloading https://repo.maven.apache.org/maven2/org/jetbrains/kotlin/kotlin-daemon-client/2.0.0/kotlin-daemon-client-2.0.0.jar to /home/runner/.gradle/.tmp/gradle_download1927447900931576412bin
[        ] Downloading https://repo.maven.apache.org/maven2/com/google/flatbuffers/flatbuffers-java/1.12.0/flatbuffers-java-1.12.0.jar to /home/runner/.gradle/.tmp/gradle_download8835540915615075921bin
[        ] Downloading https://repo.maven.apache.org/maven2/org/jetbrains/kotlinx/kotlinx-coroutines-core-jvm/1.5.0/kotlinx-coroutines-core-jvm-1.5.0.jar to /home/runner/.gradle/.tmp/gradle_download2086979567305473602bin
[        ] Downloading https://repo.maven.apache.org/maven2/org/jetbrains/kotlin/kotlin-daemon-embeddable/2.0.0/kotlin-daemon-embeddable-2.0.0.jar to /home/runner/.gradle/.tmp/gradle_download13727676447930287202bin
[        ] Downloading https://repo.maven.apache.org/maven2/org/jetbrains/intellij/deps/trove4j/1.0.20200330/trove4j-1.0.20200330.jar to /home/runner/.gradle/.tmp/gradle_download7003308509957054645bin
[        ] Downloading https://repo.maven.apache.org/maven2/com/google/jimfs/jimfs/1.1/jimfs-1.1.jar to /home/runner/.gradle/.tmp/gradle_download14389907022983552029bin
[        ] Downloading https://repo.maven.apache.org/maven2/io/grpc/grpc-protobuf-lite/1.57.0/grpc-protobuf-lite-1.57.0.jar to /home/runner/.gradle/.tmp/gradle_download12120339676749320331bin
[        ] Downloading https://repo.maven.apache.org/maven2/io/grpc/grpc-context/1.57.0/grpc-context-1.57.0.jar to /home/runner/.gradle/.tmp/gradle_download9680613670630130260bin
[        ] Downloading https://repo.maven.apache.org/maven2/io/grpc/grpc-api/1.57.0/grpc-api-1.57.0.jar to /home/runner/.gradle/.tmp/gradle_download1219189577603083457bin
[        ] Downloading https://repo.maven.apache.org/maven2/com/google/dagger/dagger/2.28.3/dagger-2.28.3.jar to /home/runner/.gradle/.tmp/gradle_download13673936179170449571bin
[        ] Downloading https://repo.maven.apache.org/maven2/com/google/guava/guava/32.0.1-jre/guava-32.0.1-jre.jar to /home/runner/.gradle/.tmp/gradle_download130900872766274197bin
[        ] Downloading https://repo.maven.apache.org/maven2/javax/inject/javax.inject/1/javax.inject-1.jar to /home/runner/.gradle/.tmp/gradle_download2504708691585663370bin
[        ] Downloading https://repo.maven.apache.org/maven2/org/bouncycastle/bcprov-jdk18on/1.77/bcprov-jdk18on-1.77.jar to /home/runner/.gradle/.tmp/gradle_download3544438879873792129bin
[        ] Downloading https://repo.maven.apache.org/maven2/org/bouncycastle/bcutil-jdk18on/1.77/bcutil-jdk18on-1.77.jar to /home/runner/.gradle/.tmp/gradle_download16328895189656574509bin
[  +98 ms] Downloading https://repo.maven.apache.org/maven2/org/apache/commons/commons-compress/1.21/commons-compress-1.21.jar to /home/runner/.gradle/.tmp/gradle_download8706783463677862183bin
[        ] Downloading https://repo.maven.apache.org/maven2/org/apache/httpcomponents/httpclient/4.5.14/httpclient-4.5.14.jar to /home/runner/.gradle/.tmp/gradle_download4342571769327726389bin
[        ] Downloading https://repo.maven.apache.org/maven2/org/apache/httpcomponents/httpcore/4.4.16/httpcore-4.4.16.jar to /home/runner/.gradle/.tmp/gradle_download9250445856222081746bin
[        ] Downloading https://repo.maven.apache.org/maven2/com/sun/activation/javax.activation/1.2.0/javax.activation-1.2.0.jar to /home/runner/.gradle/.tmp/gradle_download16507139984377926709bin
[        ] Downloading https://repo.maven.apache.org/maven2/org/jetbrains/annotations/23.0.0/annotations-23.0.0.jar to /home/runner/.gradle/.tmp/gradle_download17793860684699096386bin
[        ] Downloading https://dl.google.com/dl/android/maven2/com/android/signflinger/8.6.0/signflinger-8.6.0.jar to /home/runner/.gradle/.tmp/gradle_download16633640031404037754bin
[        ] Downloading https://dl.google.com/dl/android/maven2/com/android/zipflinger/8.6.0/zipflinger-8.6.0.jar to /home/runner/.gradle/.tmp/gradle_download7458856817266282846bin
[        ] Downloading https://dl.google.com/dl/android/maven2/com/android/tools/annotations/31.6.0/annotations-31.6.0.jar to /home/runner/.gradle/.tmp/gradle_download14131206133901945258bin
[        ] Downloading https://repo.maven.apache.org/maven2/net/java/dev/jna/jna-platform/5.6.0/jna-platform-5.6.0.jar to /home/runner/.gradle/.tmp/gradle_download3645128183764681655bin
[        ] Downloading https://repo.maven.apache.org/maven2/com/googlecode/juniversalchardet/juniversalchardet/1.0.3/juniversalchardet-1.0.3.jar to /home/runner/.gradle/.tmp/gradle_download9667692183664787377bin
[        ] Downloading https://repo.maven.apache.org/maven2/org/jvnet/staxex/stax-ex/1.8.1/stax-ex-1.8.1.jar to /home/runner/.gradle/.tmp/gradle_download4195674755800694940bin
[        ] Downloading https://repo.maven.apache.org/maven2/javax/annotation/javax.annotation-api/1.3.2/javax.annotation-api-1.3.2.jar to /home/runner/.gradle/.tmp/gradle_download18162241982865955444bin
[        ] Downloading https://repo.maven.apache.org/maven2/jakarta/xml/bind/jakarta.xml.bind-api/2.3.2/jakarta.xml.bind-api-2.3.2.jar to /home/runner/.gradle/.tmp/gradle_download11472101146304891211bin
[        ] Downloading https://repo.maven.apache.org/maven2/org/glassfish/jaxb/txw2/2.3.2/txw2-2.3.2.jar to /home/runner/.gradle/.tmp/gradle_download8141739520669082031bin
[  +98 ms] Downloading https://repo.maven.apache.org/maven2/com/sun/istack/istack-commons-runtime/3.0.8/istack-commons-runtime-3.0.8.jar to /home/runner/.gradle/.tmp/gradle_download16421816665307041841bin
[        ] Downloading https://repo.maven.apache.org/maven2/com/sun/xml/fastinfoset/FastInfoset/1.2.16/FastInfoset-1.2.16.jar to /home/runner/.gradle/.tmp/gradle_download14677591583624360819bin
[        ] Downloading https://repo.maven.apache.org/maven2/jakarta/activation/jakarta.activation-api/1.2.1/jakarta.activation-api-1.2.1.jar to /home/runner/.gradle/.tmp/gradle_download11924997652251826718bin
[        ] Downloading https://repo.maven.apache.org/maven2/com/google/auto/value/auto-value-annotations/1.6.2/auto-value-annotations-1.6.2.jar to /home/runner/.gradle/.tmp/gradle_download4218120519688171018bin
[        ] Downloading https://repo.maven.apache.org/maven2/com/google/errorprone/error_prone_annotations/2.18.0/error_prone_annotations-2.18.0.jar to /home/runner/.gradle/.tmp/gradle_download10451320892588262477bin
[        ] Downloading https://repo.maven.apache.org/maven2/org/jdom/jdom2/2.0.6/jdom2-2.0.6.jar to /home/runner/.gradle/.tmp/gradle_download10526826214002599930bin
[        ] Downloading https://repo.maven.apache.org/maven2/org/bitbucket/b_c/jose4j/0.9.5/jose4j-0.9.5.jar to /home/runner/.gradle/.tmp/gradle_download9557293392062841508bin
[        ] Downloading https://repo.maven.apache.org/maven2/org/slf4j/slf4j-api/1.7.30/slf4j-api-1.7.30.jar to /home/runner/.gradle/.tmp/gradle_download11445113862858148342bin
[        ] Downloading https://repo.maven.apache.org/maven2/com/google/code/findbugs/jsr305/3.0.2/jsr305-3.0.2.jar to /home/runner/.gradle/.tmp/gradle_download2500518493235687876bin
[        ] Downloading https://repo.maven.apache.org/maven2/com/google/android/annotations/4.1.1.4/annotations-4.1.1.4.jar to /home/runner/.gradle/.tmp/gradle_download8376905583667620307bin
[        ] Downloading https://repo.maven.apache.org/maven2/com/google/j2objc/j2objc-annotations/2.8/j2objc-annotations-2.8.jar to /home/runner/.gradle/.tmp/gradle_download17431700724250519023bin
[        ] Downloading https://repo.maven.apache.org/maven2/org/codehaus/mojo/animal-sniffer-annotations/1.23/animal-sniffer-annotations-1.23.jar to /home/runner/.gradle/.tmp/gradle_download13168351451293921274bin
[        ] Downloading https://repo.maven.apache.org/maven2/io/netty/netty-codec-http2/4.1.93.Final/netty-codec-http2-4.1.93.Final.jar to /home/runner/.gradle/.tmp/gradle_download3800205300540162148bin
[        ] Downloading https://repo.maven.apache.org/maven2/io/perfmark/perfmark-api/0.26.0/perfmark-api-0.26.0.jar to /home/runner/.gradle/.tmp/gradle_download16817290087583429060bin
[        ] Downloading https://repo.maven.apache.org/maven2/io/netty/netty-handler-proxy/4.1.93.Final/netty-handler-proxy-4.1.93.Final.jar to /home/runner/.gradle/.tmp/gradle_download5370109908173718756bin
[        ] Downloading https://repo.maven.apache.org/maven2/io/netty/netty-handler/4.1.93.Final/netty-handler-4.1.93.Final.jar to /home/runner/.gradle/.tmp/gradle_download7452546031215015600bin
[        ] Downloading https://repo.maven.apache.org/maven2/io/netty/netty-codec-http/4.1.93.Final/netty-codec-http-4.1.93.Final.jar to /home/runner/.gradle/.tmp/gradle_download12577344847489976748bin
[ +100 ms] Downloading https://repo.maven.apache.org/maven2/io/netty/netty-transport-native-unix-common/4.1.93.Final/netty-transport-native-unix-common-4.1.93.Final.jar to /home/runner/.gradle/.tmp/gradle_download6154569631411666233bin
[        ] Downloading https://dl.google.com/dl/android/maven2/com/android/tools/build/apksig/8.6.0/apksig-8.6.0.jar to /home/runner/.gradle/.tmp/gradle_download12225868542953921669bin
[        ] Downloading https://repo.maven.apache.org/maven2/org/checkerframework/checker-qual/3.33.0/checker-qual-3.33.0.jar to /home/runner/.gradle/.tmp/gradle_download297470764918736310bin
[        ] Downloading https://repo.maven.apache.org/maven2/commons-codec/commons-codec/1.11/commons-codec-1.11.jar to /home/runner/.gradle/.tmp/gradle_download11004315976019105951bin
[        ] Downloading https://repo.maven.apache.org/maven2/com/google/guava/failureaccess/1.0.1/failureaccess-1.0.1.jar to /home/runner/.gradle/.tmp/gradle_download9706559581750465857bin
[        ] Downloading https://repo.maven.apache.org/maven2/com/google/guava/listenablefuture/9999.0-empty-to-avoid-conflict-with-guava/listenablefuture-9999.0-empty-to-avoid-conflict-with-guava.jar to /home/runner/.gradle/.tmp/gradle_download781423732486204267bin
[        ] Downloading https://repo.maven.apache.org/maven2/commons-logging/commons-logging/1.2/commons-logging-1.2.jar to /home/runner/.gradle/.tmp/gradle_download15141995382300049064bin
[        ] Downloading https://repo.maven.apache.org/maven2/net/java/dev/jna/jna/5.6.0/jna-5.6.0.jar to /home/runner/.gradle/.tmp/gradle_download10470558272627540035bin
[        ] Downloading https://repo.maven.apache.org/maven2/io/netty/netty-codec-socks/4.1.93.Final/netty-codec-socks-4.1.93.Final.jar to /home/runner/.gradle/.tmp/gradle_download7100857046749003757bin
[        ] Downloading https://repo.maven.apache.org/maven2/io/netty/netty-transport/4.1.93.Final/netty-transport-4.1.93.Final.jar to /home/runner/.gradle/.tmp/gradle_download17831613644627351042bin
[        ] Downloading https://repo.maven.apache.org/maven2/io/netty/netty-codec/4.1.93.Final/netty-codec-4.1.93.Final.jar to /home/runner/.gradle/.tmp/gradle_download18172103091862400448bin
[        ] Downloading https://repo.maven.apache.org/maven2/io/netty/netty-resolver/4.1.93.Final/netty-resolver-4.1.93.Final.jar to /home/runner/.gradle/.tmp/gradle_download3052903834332354512bin
[        ] Downloading https://repo.maven.apache.org/maven2/io/netty/netty-buffer/4.1.93.Final/netty-buffer-4.1.93.Final.jar to /home/runner/.gradle/.tmp/gradle_download7411274494753168217bin
[        ] Downloading https://repo.maven.apache.org/maven2/io/netty/netty-common/4.1.93.Final/netty-common-4.1.93.Final.jar to /home/runner/.gradle/.tmp/gradle_download4980470584819288922bin
[        ] Transforming kotlin-gradle-plugin-model-2.0.0.jar (org.jetbrains.kotlin:kotlin-gradle-plugin-model:2.0.0) with ExternalDependencyInstrumentingArtifactTransform
[        ] Transforming kotlin-gradle-plugin-api-2.0.0.jar (org.jetbrains.kotlin:kotlin-gradle-plugin-api:2.0.0) with ExternalDependencyInstrumentingArtifactTransform
[        ] Transforming kotlin-gradle-plugin-2.0.0-gradle85.jar (org.jetbrains.kotlin:kotlin-gradle-plugin:2.0.0) with ExternalDependencyInstrumentingArtifactTransform
[        ] Transforming gradle-8.6.0.jar (com.android.tools.build:gradle:8.6.0) with ExternalDependencyInstrumentingArtifactTransform
[        ] Caching disabled for ExternalDependencyInstrumentingArtifactTransform: /home/runner/.gradle/caches/modules-2/files-2.1/org.jetbrains.kotlin/kotlin-gradle-plugin-model/2.0.0/3dba7d4ff1b25d86d56074671a2024859e8c7541/kotlin-gradle-plugin-model-2.0.0.jar because:
[        ]   Build cache is disabled
[        ]   Caching not enabled.
[        ] Caching disabled for ExternalDependencyInstrumentingArtifactTransform: /home/runner/.gradle/caches/modules-2/files-2.1/org.jetbrains.kotlin/kotlin-gradle-plugin/2.0.0/5c20cbfbc72e5fbecec18e540de7e5fa59205d63/kotlin-gradle-plugin-2.0.0-gradle85.jar because:
[        ]   Build cache is disabled
[        ]   Caching not enabled.
[  +99 ms] Transforming kotlin-gradle-plugin-idea-proto-2.0.0.jar (org.jetbrains.kotlin:kotlin-gradle-plugin-idea-proto:2.0.0) with ExternalDependencyInstrumentingArtifactTransform
[        ] Caching disabled for ExternalDependencyInstrumentingArtifactTransform: /home/runner/.gradle/caches/modules-2/files-2.1/org.jetbrains.kotlin/kotlin-gradle-plugin-api/2.0.0/2862373ec25875028a85c3bc3d48f94239ff30af/kotlin-gradle-plugin-api-2.0.0.jar because:
[        ]   Build cache is disabled
[        ]   Caching not enabled.
[        ] Caching disabled for ExternalDependencyInstrumentingArtifactTransform: /home/runner/.gradle/caches/modules-2/files-2.1/com.android.tools.build/gradle/8.6.0/dd6d5f2b123276f8153fc09eed3f41f298a5bd6b/gradle-8.6.0.jar because:
[        ]   Build cache is disabled
[        ]   Caching not enabled.
[        ] Transforming kotlin-gradle-plugin-idea-2.0.0.jar (org.jetbrains.kotlin:kotlin-gradle-plugin-idea:2.0.0) with ExternalDependencyInstrumentingArtifactTransform
[        ] Transforming kotlin-klib-commonizer-api-2.0.0.jar (org.jetbrains.kotlin:kotlin-klib-commonizer-api:2.0.0) with ExternalDependencyInstrumentingArtifactTransform
[        ] Transforming kotlin-build-statistics-2.0.0.jar (org.jetbrains.kotlin:kotlin-build-statistics:2.0.0) with ExternalDependencyInstrumentingArtifactTransform
[        ] Transforming kotlin-build-tools-api-2.0.0.jar (org.jetbrains.kotlin:kotlin-build-tools-api:2.0.0) with ExternalDependencyInstrumentingArtifactTransform
[        ] Transforming kotlin-compiler-runner-2.0.0.jar (org.jetbrains.kotlin:kotlin-compiler-runner:2.0.0) with ExternalDependencyInstrumentingArtifactTransform
[        ] Transforming kotlin-native-utils-2.0.0.jar (org.jetbrains.kotlin:kotlin-native-utils:2.0.0) with ExternalDependencyInstrumentingArtifactTransform
[        ] Transforming kotlin-util-klib-2.0.0.jar (org.jetbrains.kotlin:kotlin-util-klib:2.0.0) with ExternalDependencyInstrumentingArtifactTransform
[        ] Transforming kotlin-compiler-embeddable-2.0.0.jar (org.jetbrains.kotlin:kotlin-compiler-embeddable:2.0.0) with ExternalDependencyInstrumentingArtifactTransform
[        ] Caching disabled for ExternalDependencyInstrumentingArtifactTransform: /home/runner/.gradle/caches/modules-2/files-2.1/org.jetbrains.kotlin/kotlin-gradle-plugin-idea-proto/2.0.0/f46941fcffe42b93dd9ec103253789290c029d25/kotlin-gradle-plugin-idea-proto-2.0.0.jar because:
[        ]   Build cache is disabled
[        ]   Caching not enabled.
[ +194 ms] Transforming kotlinx-serialization-json-jvm-1.4.0.jar (org.jetbrains.kotlinx:kotlinx-serialization-json-jvm:1.4.0) with ExternalDependencyInstrumentingArtifactTransform
[        ] Transforming gradle-settings-api-8.6.0.jar (com.android.tools.build:gradle-settings-api:8.6.0) with ExternalDependencyInstrumentingArtifactTransform
[        ] Transforming lint-model-31.6.0.jar (com.android.tools.lint:lint-model:31.6.0) with ExternalDependencyInstrumentingArtifactTransform
[        ] Transforming builder-8.6.0.jar (com.android.tools.build:builder:8.6.0) with ExternalDependencyInstrumentingArtifactTransform
[        ] Transforming manifest-merger-31.6.0.jar (com.android.tools.build:manifest-merger:31.6.0) with ExternalDependencyInstrumentingArtifactTransform
[        ] Transforming sdk-common-31.6.0.jar (com.android.tools:sdk-common:31.6.0) with ExternalDependencyInstrumentingArtifactTransform
[        ] Transforming sdklib-31.6.0.jar (com.android.tools:sdklib:31.6.0) with ExternalDependencyInstrumentingArtifactTransform
[  +99 ms] Transforming repository-31.6.0.jar (com.android.tools:repository:31.6.0) with ExternalDependencyInstrumentingArtifactTransform
[        ] Transforming gradle-api-8.6.0.jar (com.android.tools.build:gradle-api:8.6.0) with ExternalDependencyInstrumentingArtifactTransform
[        ] Transforming builder-test-api-8.6.0.jar (com.android.tools.build:builder-test-api:8.6.0) with ExternalDependencyInstrumentingArtifactTransform
[        ] Transforming ddmlib-31.6.0.jar (com.android.tools.ddms:ddmlib:31.6.0) with ExternalDependencyInstrumentingArtifactTransform
[        ] Transforming aaptcompiler-8.6.0.jar (com.android.tools.build:aaptcompiler:8.6.0) with ExternalDependencyInstrumentingArtifactTransform
[        ] Transforming bundletool-1.16.0.jar (com.android.tools.build:bundletool:1.16.0) with ExternalDependencyInstrumentingArtifactTransform
[        ] Transforming aapt2-proto-8.6.0-11315950.jar (com.android.tools.build:aapt2-proto:8.6.0-11315950) with ExternalDependencyInstrumentingArtifactTransform
[        ] Transforming crash-31.6.0.jar (com.android.tools.analytics-library:crash:31.6.0) with ExternalDependencyInstrumentingArtifactTransform
[        ] Transforming tracker-31.6.0.jar (com.android.tools.analytics-library:tracker:31.6.0) with ExternalDependencyInstrumentingArtifactTransform
[        ] Transforming shared-31.6.0.jar (com.android.tools.analytics-library:shared:31.6.0) with ExternalDependencyInstrumentingArtifactTransform
[        ] Transforming lint-typedef-remover-31.6.0.jar (com.android.tools.lint:lint-typedef-remover:31.6.0) with ExternalDependencyInstrumentingArtifactTransform
[        ] Transforming databinding-compiler-common-8.6.0.jar (androidx.databinding:databinding-compiler-common:8.6.0) with ExternalDependencyInstrumentingArtifactTransform
[        ] Transforming databinding-common-8.6.0.jar (androidx.databinding:databinding-common:8.6.0) with ExternalDependencyInstrumentingArtifactTransform
[        ] Transforming baseLibrary-8.6.0.jar (com.android.databinding:baseLibrary:8.6.0) with ExternalDependencyInstrumentingArtifactTransform
[        ] Transforming layoutlib-api-31.6.0.jar (com.android.tools.layoutlib:layoutlib-api:31.6.0) with ExternalDependencyInstrumentingArtifactTransform
[        ] Transforming android-device-provider-ddmlib-proto-31.6.0.jar (com.android.tools.utp:android-device-provider-ddmlib-proto:31.6.0) with ExternalDependencyInstrumentingArtifactTransform
[        ] Transforming android-device-provider-gradle-proto-31.6.0.jar (com.android.tools.utp:android-device-provider-gradle-proto:31.6.0) with ExternalDependencyInstrumentingArtifactTransform
[        ] Transforming android-test-plugin-host-additional-test-output-proto-31.6.0.jar (com.android.tools.utp:android-test-plugin-host-additional-test-output-proto:31.6.0) with ExternalDependencyInstrumentingArtifactTransform
[        ] Transforming android-test-plugin-host-coverage-proto-31.6.0.jar (com.android.tools.utp:android-test-plugin-host-coverage-proto:31.6.0) with ExternalDependencyInstrumentingArtifactTransform
[ +104 ms] Transforming android-test-plugin-host-emulator-control-proto-31.6.0.jar (com.android.tools.utp:android-test-plugin-host-emulator-control-proto:31.6.0) with ExternalDependencyInstrumentingArtifactTransform
[        ] Transforming android-test-plugin-host-logcat-proto-31.6.0.jar (com.android.tools.utp:android-test-plugin-host-logcat-proto:31.6.0) with ExternalDependencyInstrumentingArtifactTransform
[        ] Transforming android-test-plugin-host-apk-installer-proto-31.6.0.jar (com.android.tools.utp:android-test-plugin-host-apk-installer-proto:31.6.0) with ExternalDependencyInstrumentingArtifactTransform
[        ] Transforming android-test-plugin-host-retention-proto-31.6.0.jar (com.android.tools.utp:android-test-plugin-host-retention-proto:31.6.0) with ExternalDependencyInstrumentingArtifactTransform
[        ] Transforming android-test-plugin-result-listener-gradle-proto-31.6.0.jar (com.android.tools.utp:android-test-plugin-result-listener-gradle-proto:31.6.0) with ExternalDependencyInstrumentingArtifactTransform
[        ] Transforming builder-model-8.6.0.jar (com.android.tools.build:builder-model:8.6.0) with ExternalDependencyInstrumentingArtifactTransform
[        ] Transforming dvlib-31.6.0.jar (com.android.tools:dvlib:31.6.0) with ExternalDependencyInstrumentingArtifactTransform
[        ] Transforming common-31.6.0.jar (com.android.tools:common:31.6.0) with ExternalDependencyInstrumentingArtifactTransform
[        ] Transforming jetifier-processor-1.0.0-beta10.jar (com.android.tools.build.jetifier:jetifier-processor:1.0.0-beta10) with ExternalDependencyInstrumentingArtifactTransform
[        ] Transforming jetifier-core-1.0.0-beta10.jar (com.android.tools.build.jetifier:jetifier-core:1.0.0-beta10) with ExternalDependencyInstrumentingArtifactTransform
[        ] Transforming kotlin-reflect-1.9.20.jar (org.jetbrains.kotlin:kotlin-reflect:1.9.20) with ExternalDependencyInstrumentingArtifactTransform
[        ] Transforming kotlin-stdlib-jdk7-1.9.20.jar (org.jetbrains.kotlin:kotlin-stdlib-jdk7:1.9.20) with ExternalDependencyInstrumentingArtifactTransform
[        ] Transforming kotlinx-serialization-core-jvm-1.4.0.jar (org.jetbrains.kotlinx:kotlinx-serialization-core-jvm:1.4.0) with ExternalDependencyInstrumentingArtifactTransform
[        ] Transforming kotlin-stdlib-1.9.20.jar (org.jetbrains.kotlin:kotlin-stdlib:1.9.20) with ExternalDependencyInstrumentingArtifactTransform
[   +3 ms] Transforming kotlin-stdlib-jdk8-1.9.20.jar (org.jetbrains.kotlin:kotlin-stdlib-jdk8:1.9.20) with ExternalDependencyInstrumentingArtifactTransform
[        ] Transforming transform-api-2.0.0-deprecated-use-gradle-api.jar (com.android.tools.build:transform-api:2.0.0-deprecated-use-gradle-api) with ExternalDependencyInstrumentingArtifactTransform
[        ] Transforming httpmime-4.5.6.jar (org.apache.httpcomponents:httpmime:4.5.6) with ExternalDependencyInstrumentingArtifactTransform
[        ] Transforming commons-io-2.13.0.jar (commons-io:commons-io:2.13.0) with ExternalDependencyInstrumentingArtifactTransform
[        ] Transforming asm-commons-9.6.jar (org.ow2.asm:asm-commons:9.6) with ExternalDependencyInstrumentingArtifactTransform
[        ] Caching disabled for ExternalDependencyInstrumentingArtifactTransform: /home/runner/.gradle/caches/modules-2/files-2.1/org.jetbrains.kotlin/kotlin-gradle-plugin-idea/2.0.0/dc54973fe68b0bb9b816bd04ef39648ca29526a6/kotlin-gradle-plugin-idea-2.0.0.jar because:
[        ]   Build cache is disabled
[        ]   Caching not enabled.
[        ] Transforming asm-util-9.6.jar (org.ow2.asm:asm-util:9.6) with ExternalDependencyInstrumentingArtifactTransform
[        ] Transforming asm-analysis-9.6.jar (org.ow2.asm:asm-analysis:9.6) with ExternalDependencyInstrumentingArtifactTransform
[   +3 ms] Transforming asm-tree-9.6.jar (org.ow2.asm:asm-tree:9.6) with ExternalDependencyInstrumentingArtifactTransform
[        ] Transforming asm-9.6.jar (org.ow2.asm:asm:9.6) with ExternalDependencyInstrumentingArtifactTransform
[        ] Transforming apkzlib-8.6.0.jar (com.android.tools.build:apkzlib:8.6.0) with ExternalDependencyInstrumentingArtifactTransform
[        ] Transforming bcpkix-jdk18on-1.77.jar (org.bouncycastle:bcpkix-jdk18on:1.77) with ExternalDependencyInstrumentingArtifactTransform
[        ] Transforming jaxb-runtime-2.3.2.jar (org.glassfish.jaxb:jaxb-runtime:2.3.2) with ExternalDependencyInstrumentingArtifactTransform
[        ] Transforming jopt-simple-4.9.jar (net.sf.jopt-simple:jopt-simple:4.9) with ExternalDependencyInstrumentingArtifactTransform
[        ] Transforming javapoet-1.10.0.jar (com.squareup:javapoet:1.10.0) with ExternalDependencyInstrumentingArtifactTransform
[        ] Caching disabled for ExternalDependencyInstrumentingArtifactTransform: /home/runner/.gradle/caches/modules-2/files-2.1/org.jetbrains.kotlin/kotlin-klib-commonizer-api/2.0.0/326c87c1dcc9f0c3fcd3e86389a0ff4c0ce85da9/kotlin-klib-commonizer-api-2.0.0.jar because:
[        ]   Build cache is disabled
[        ]   Caching not enabled.
[        ] Transforming protobuf-java-util-3.22.3.jar (com.google.protobuf:protobuf-java-util:3.22.3) with ExternalDependencyInstrumentingArtifactTransform
[        ] Transforming grpc-protobuf-1.57.0.jar (io.grpc:grpc-protobuf:1.57.0) with ExternalDependencyInstrumentingArtifactTransform
[        ] Transforming tink-1.7.0.jar (com.google.crypto.tink:tink:1.7.0) with ExternalDependencyInstrumentingArtifactTransform
[        ] Transforming protos-31.6.0.jar (com.android.tools.analytics-library:protos:31.6.0) with ExternalDependencyInstrumentingArtifactTransform
[  +82 ms] Caching disabled for ExternalDependencyInstrumentingArtifactTransform: /home/runner/.gradle/caches/modules-2/files-2.1/org.jetbrains.kotlin/kotlin-build-statistics/2.0.0/2be95e0156211605154ef4745b39894a79bcca13/kotlin-build-statistics-2.0.0.jar because:
[        ]   Build cache is disabled
[        ]   Caching not enabled.
[        ] Caching disabled for ExternalDependencyInstrumentingArtifactTransform: /home/runner/.gradle/caches/modules-2/files-2.1/org.jetbrains.kotlin/kotlin-build-tools-api/2.0.0/a45f2366a6e32563fc9259d35409a373287be17e/kotlin-build-tools-api-2.0.0.jar because:
[        ]   Build cache is disabled
[        ]   Caching not enabled.
[        ] Transforming proto-google-common-protos-2.17.0.jar (com.google.api.grpc:proto-google-common-protos:2.17.0) with ExternalDependencyInstrumentingArtifactTransform
[        ] Transforming protobuf-java-3.22.3.jar (com.google.protobuf:protobuf-java:3.22.3) with ExternalDependencyInstrumentingArtifactTransform
[        ] Transforming grpc-netty-1.57.0.jar (io.grpc:grpc-netty:1.57.0) with ExternalDependencyInstrumentingArtifactTransform
[        ] Transforming grpc-core-1.57.0.jar (io.grpc:grpc-core:1.57.0) with ExternalDependencyInstrumentingArtifactTransform
[        ] Transforming gson-2.10.1.jar (com.google.code.gson:gson:2.10.1) with ExternalDependencyInstrumentingArtifactTransform
[        ] Transforming grpc-stub-1.57.0.jar (io.grpc:grpc-stub:1.57.0) with ExternalDependencyInstrumentingArtifactTransform
[        ] Transforming core-proto-0.0.9-alpha02.jar (com.google.testing.platform:core-proto:0.0.9-alpha02) with ExternalDependencyInstrumentingArtifactTransform
[        ] Transforming kxml2-2.3.0.jar (net.sf.kxml:kxml2:2.3.0) with ExternalDependencyInstrumentingArtifactTransform
[        ] Transforming tensorflow-lite-metadata-0.1.0-rc2.jar (org.tensorflow:tensorflow-lite-metadata:0.1.0-rc2) with ExternalDependencyInstrumentingArtifactTransform
[        ] Transforming flatbuffers-java-1.12.0.jar (com.google.flatbuffers:flatbuffers-java:1.12.0) with ExternalDependencyInstrumentingArtifactTransform
[        ] Transforming kotlin-gradle-plugin-annotations-2.0.0.jar (org.jetbrains.kotlin:kotlin-gradle-plugin-annotations:2.0.0) with ExternalDependencyInstrumentingArtifactTransform
[        ] Transforming kotlin-tooling-core-2.0.0.jar (org.jetbrains.kotlin:kotlin-tooling-core:2.0.0) with ExternalDependencyInstrumentingArtifactTransform
[        ] Transforming kotlin-daemon-client-2.0.0.jar (org.jetbrains.kotlin:kotlin-daemon-client:2.0.0) with ExternalDependencyInstrumentingArtifactTransform
[        ] Transforming kotlinx-coroutines-core-jvm-1.5.0.jar (org.jetbrains.kotlinx:kotlinx-coroutines-core-jvm:1.5.0) with ExternalDependencyInstrumentingArtifactTransform
[        ] Transforming kotlin-util-io-2.0.0.jar (org.jetbrains.kotlin:kotlin-util-io:2.0.0) with ExternalDependencyInstrumentingArtifactTransform
[        ] Transforming kotlin-daemon-embeddable-2.0.0.jar (org.jetbrains.kotlin:kotlin-daemon-embeddable:2.0.0) with ExternalDependencyInstrumentingArtifactTransform
[        ] Transforming trove4j-1.0.20200330.jar (org.jetbrains.intellij.deps:trove4j:1.0.20200330) with ExternalDependencyInstrumentingArtifactTransform
[   +4 ms] Transforming jimfs-1.1.jar (com.google.jimfs:jimfs:1.1) with ExternalDependencyInstrumentingArtifactTransform
[        ] Transforming grpc-context-1.57.0.jar (io.grpc:grpc-context:1.57.0) with ExternalDependencyInstrumentingArtifactTransform
[        ] Transforming grpc-protobuf-lite-1.57.0.jar (io.grpc:grpc-protobuf-lite:1.57.0) with ExternalDependencyInstrumentingArtifactTransform
[        ] Transforming grpc-api-1.57.0.jar (io.grpc:grpc-api:1.57.0) with ExternalDependencyInstrumentingArtifactTransform
[        ] Transforming guava-32.0.1-jre.jar (com.google.guava:guava:32.0.1-jre) with ExternalDependencyInstrumentingArtifactTransform
[  +96 ms] Transforming dagger-2.28.3.jar (com.google.dagger:dagger:2.28.3) with ExternalDependencyInstrumentingArtifactTransform
[        ] Transforming javax.inject-1.jar (javax.inject:javax.inject:1) with ExternalDependencyInstrumentingArtifactTransform
[        ] Transforming bcutil-jdk18on-1.77.jar (org.bouncycastle:bcutil-jdk18on:1.77) with ExternalDependencyInstrumentingArtifactTransform
[        ] Transforming bcprov-jdk18on-1.77.jar (org.bouncycastle:bcprov-jdk18on:1.77) with ExternalDependencyInstrumentingArtifactTransform
[        ] Transforming commons-compress-1.21.jar (org.apache.commons:commons-compress:1.21) with ExternalDependencyInstrumentingArtifactTransform
[        ] Transforming httpclient-4.5.14.jar (org.apache.httpcomponents:httpclient:4.5.14) with ExternalDependencyInstrumentingArtifactTransform
[        ] Transforming httpcore-4.4.16.jar (org.apache.httpcomponents:httpcore:4.4.16) with ExternalDependencyInstrumentingArtifactTransform
[        ] Transforming javax.activation-1.2.0.jar (com.sun.activation:javax.activation:1.2.0) with ExternalDependencyInstrumentingArtifactTransform
[        ] Transforming annotations-23.0.0.jar (org.jetbrains:annotations:23.0.0) with ExternalDependencyInstrumentingArtifactTransform
[        ] Transforming signflinger-8.6.0.jar (com.android:signflinger:8.6.0) with ExternalDependencyInstrumentingArtifactTransform
[        ] Transforming zipflinger-8.6.0.jar (com.android:zipflinger:8.6.0) with ExternalDependencyInstrumentingArtifactTransform
[        ] Transforming annotations-31.6.0.jar (com.android.tools:annotations:31.6.0) with ExternalDependencyInstrumentingArtifactTransform
[        ] Transforming jna-platform-5.6.0.jar (net.java.dev.jna:jna-platform:5.6.0) with ExternalDependencyInstrumentingArtifactTransform
[        ] Transforming juniversalchardet-1.0.3.jar (com.googlecode.juniversalchardet:juniversalchardet:1.0.3) with ExternalDependencyInstrumentingArtifactTransform
[        ] Transforming javax.annotation-api-1.3.2.jar (javax.annotation:javax.annotation-api:1.3.2) with ExternalDependencyInstrumentingArtifactTransform
[        ] Transforming stax-ex-1.8.1.jar (org.jvnet.staxex:stax-ex:1.8.1) with ExternalDependencyInstrumentingArtifactTransform
[        ] Transforming jakarta.xml.bind-api-2.3.2.jar (jakarta.xml.bind:jakarta.xml.bind-api:2.3.2) with ExternalDependencyInstrumentingArtifactTransform
[        ] Transforming txw2-2.3.2.jar (org.glassfish.jaxb:txw2:2.3.2) with ExternalDependencyInstrumentingArtifactTransform
[        ] Transforming istack-commons-runtime-3.0.8.jar (com.sun.istack:istack-commons-runtime:3.0.8) with ExternalDependencyInstrumentingArtifactTransform
[        ] Transforming FastInfoset-1.2.16.jar (com.sun.xml.fastinfoset:FastInfoset:1.2.16) with ExternalDependencyInstrumentingArtifactTransform
[        ] Transforming jakarta.activation-api-1.2.1.jar (jakarta.activation:jakarta.activation-api:1.2.1) with ExternalDependencyInstrumentingArtifactTransform
[        ] Transforming auto-value-annotations-1.6.2.jar (com.google.auto.value:auto-value-annotations:1.6.2) with ExternalDependencyInstrumentingArtifactTransform
[        ] Transforming error_prone_annotations-2.18.0.jar (com.google.errorprone:error_prone_annotations:2.18.0) with ExternalDependencyInstrumentingArtifactTransform
[        ] Transforming jose4j-0.9.5.jar (org.bitbucket.b_c:jose4j:0.9.5) with ExternalDependencyInstrumentingArtifactTransform
[        ] Transforming slf4j-api-1.7.30.jar (org.slf4j:slf4j-api:1.7.30) with ExternalDependencyInstrumentingArtifactTransform
[        ] Transforming jdom2-2.0.6.jar (org.jdom:jdom2:2.0.6) with ExternalDependencyInstrumentingArtifactTransform
[        ] Transforming jsr305-3.0.2.jar (com.google.code.findbugs:jsr305:3.0.2) with ExternalDependencyInstrumentingArtifactTransform
[        ] Transforming j2objc-annotations-2.8.jar (com.google.j2objc:j2objc-annotations:2.8) with ExternalDependencyInstrumentingArtifactTransform
[        ] Transforming annotations-4.1.1.4.jar (com.google.android:annotations:4.1.1.4) with ExternalDependencyInstrumentingArtifactTransform
[        ] Transforming animal-sniffer-annotations-1.23.jar (org.codehaus.mojo:animal-sniffer-annotations:1.23) with ExternalDependencyInstrumentingArtifactTransform
[        ] Transforming perfmark-api-0.26.0.jar (io.perfmark:perfmark-api:0.26.0) with ExternalDependencyInstrumentingArtifactTransform
[        ] Transforming netty-codec-http2-4.1.93.Final.jar (io.netty:netty-codec-http2:4.1.93.Final) with ExternalDependencyInstrumentingArtifactTransform
[        ] Transforming netty-handler-proxy-4.1.93.Final.jar (io.netty:netty-handler-proxy:4.1.93.Final) with ExternalDependencyInstrumentingArtifactTransform
[   +3 ms] Transforming netty-codec-http-4.1.93.Final.jar (io.netty:netty-codec-http:4.1.93.Final) with ExternalDependencyInstrumentingArtifactTransform
[        ] Transforming netty-handler-4.1.93.Final.jar (io.netty:netty-handler:4.1.93.Final) with ExternalDependencyInstrumentingArtifactTransform
[        ] Transforming netty-transport-native-unix-common-4.1.93.Final.jar (io.netty:netty-transport-native-unix-common:4.1.93.Final) with ExternalDependencyInstrumentingArtifactTransform
[        ] Transforming checker-qual-3.33.0.jar (org.checkerframework:checker-qual:3.33.0) with ExternalDependencyInstrumentingArtifactTransform
[        ] Transforming commons-codec-1.11.jar (commons-codec:commons-codec:1.11) with ExternalDependencyInstrumentingArtifactTransform
[        ] Transforming apksig-8.6.0.jar (com.android.tools.build:apksig:8.6.0) with ExternalDependencyInstrumentingArtifactTransform
[        ] Transforming javawriter-2.5.0.jar (com.squareup:javawriter:2.5.0) with ExternalDependencyInstrumentingArtifactTransform
[        ] Transforming failureaccess-1.0.1.jar (com.google.guava:failureaccess:1.0.1) with ExternalDependencyInstrumentingArtifactTransform
[        ] Transforming listenablefuture-9999.0-empty-to-avoid-conflict-with-guava.jar (com.google.guava:listenablefuture:9999.0-empty-to-avoid-conflict-with-guava) with ExternalDependencyInstrumentingArtifactTransform
[        ] Transforming commons-logging-1.2.jar (commons-logging:commons-logging:1.2) with ExternalDependencyInstrumentingArtifactTransform
[        ] Transforming jna-5.6.0.jar (net.java.dev.jna:jna:5.6.0) with ExternalDependencyInstrumentingArtifactTransform
[        ] Transforming netty-codec-socks-4.1.93.Final.jar (io.netty:netty-codec-socks:4.1.93.Final) with ExternalDependencyInstrumentingArtifactTransform
[        ] Transforming netty-codec-4.1.93.Final.jar (io.netty:netty-codec:4.1.93.Final) with ExternalDependencyInstrumentingArtifactTransform
[        ] Transforming netty-transport-4.1.93.Final.jar (io.netty:netty-transport:4.1.93.Final) with ExternalDependencyInstrumentingArtifactTransform
[        ] Transforming netty-buffer-4.1.93.Final.jar (io.netty:netty-buffer:4.1.93.Final) with ExternalDependencyInstrumentingArtifactTransform
[        ] Transforming netty-resolver-4.1.93.Final.jar (io.netty:netty-resolver:4.1.93.Final) with ExternalDependencyInstrumentingArtifactTransform
[        ] Transforming netty-common-4.1.93.Final.jar (io.netty:netty-common:4.1.93.Final) with ExternalDependencyInstrumentingArtifactTransform
[        ] Caching disabled for ExternalDependencyInstrumentingArtifactTransform: /home/runner/.gradle/caches/modules-2/files-2.1/org.jetbrains.kotlin/kotlin-native-utils/2.0.0/39f2424147119236d6357382a4596c5104206223/kotlin-native-utils-2.0.0.jar because:
[        ]   Build cache is disabled
[        ]   Caching not enabled.
[  +88 ms] Caching disabled for ExternalDependencyInstrumentingArtifactTransform: /home/runner/.gradle/caches/modules-2/files-2.1/org.jetbrains.kotlin/kotlin-util-klib/2.0.0/46dc3eecb38a50482064a141d457e25f66c74751/kotlin-util-klib-2.0.0.jar because:
[        ]   Build cache is disabled
[        ]   Caching not enabled.
[        ] Caching disabled for ExternalDependencyInstrumentingArtifactTransform: /home/runner/.gradle/caches/modules-2/files-2.1/org.jetbrains.kotlin/kotlin-compiler-embeddable/2.0.0/1de310de3446414381282ffc46c3ed3919a4d1da/kotlin-compiler-embeddable-2.0.0.jar because:
[        ]   Build cache is disabled
[        ]   Caching not enabled.
[ +599 ms] Caching disabled for ExternalDependencyInstrumentingArtifactTransform: /home/runner/.gradle/caches/modules-2/files-2.1/org.jetbrains.kotlin/kotlin-compiler-runner/2.0.0/f5f0c82e836512e35de2ca710d553bec447b7718/kotlin-compiler-runner-2.0.0.jar because:
[        ]   Build cache is disabled
[        ]   Caching not enabled.
[        ] Caching disabled for ExternalDependencyInstrumentingArtifactTransform: /home/runner/.gradle/caches/modules-2/files-2.1/org.jetbrains.kotlinx/kotlinx-serialization-json-jvm/1.4.0/cfa3e57d044a20e5c9e4561a997df823e2f1c81a/kotlinx-serialization-json-jvm-1.4.0.jar because:
[        ]   Build cache is disabled
[        ]   Caching not enabled.
[        ] Caching disabled for ExternalDependencyInstrumentingArtifactTransform: /home/runner/.gradle/caches/modules-2/files-2.1/com.android.tools.build/gradle-settings-api/8.6.0/d100186833a4768f3d800d14d59dc13b2fc1db8f/gradle-settings-api-8.6.0.jar because:
[        ]   Build cache is disabled
[        ]   Caching not enabled.
[        ] Caching disabled for ExternalDependencyInstrumentingArtifactTransform: /home/runner/.gradle/caches/modules-2/files-2.1/com.android.tools.lint/lint-model/31.6.0/cbd604d021ea85b496427591e08a2c7d35cb79ea/lint-model-31.6.0.jar because:
[        ]   Build cache is disabled
[        ]   Caching not enabled.
[        ] Caching disabled for ExternalDependencyInstrumentingArtifactTransform: /home/runner/.gradle/caches/modules-2/files-2.1/com.android.tools.build/builder/8.6.0/58e80f76b16fb58f953653b9dcd3baf4dd524c80/builder-8.6.0.jar because:
[        ]   Build cache is disabled
[        ]   Caching not enabled.
[        ] Caching disabled for ExternalDependencyInstrumentingArtifactTransform: /home/runner/.gradle/caches/modules-2/files-2.1/com.android.tools.build/manifest-merger/31.6.0/b7204a85737fc4ea695fc9a66261c69e72a06ed8/manifest-merger-31.6.0.jar because:
[        ]   Build cache is disabled
[        ]   Caching not enabled.
[  +98 ms] Caching disabled for ExternalDependencyInstrumentingArtifactTransform: /home/runner/.gradle/caches/modules-2/files-2.1/com.android.tools/sdk-common/31.6.0/6a0bd0ae73e72608ad61c937c7d145d9c77269f6/sdk-common-31.6.0.jar because:
[        ]   Build cache is disabled
[        ]   Caching not enabled.
[        ] Caching disabled for ExternalDependencyInstrumentingArtifactTransform: /home/runner/.gradle/caches/modules-2/files-2.1/com.android.tools/sdklib/31.6.0/3c468f4b2cdd84a7429c6046c31bef32c0b57f1c/sdklib-31.6.0.jar because:
[        ]   Build cache is disabled
[        ]   Caching not enabled.
[  +99 ms] Caching disabled for ExternalDependencyInstrumentingArtifactTransform: /home/runner/.gradle/caches/modules-2/files-2.1/com.android.tools/repository/31.6.0/97e2e59d682d3f40706ec140f74e784bca0dc6dc/repository-31.6.0.jar because:
[        ]   Build cache is disabled
[        ]   Caching not enabled.
[        ] Caching disabled for ExternalDependencyInstrumentingArtifactTransform: /home/runner/.gradle/caches/modules-2/files-2.1/com.android.tools.build/gradle-api/8.6.0/54297f6dca8060182b75d71095e988bd1d664688/gradle-api-8.6.0.jar because:
[        ]   Build cache is disabled
[        ]   Caching not enabled.
[  +99 ms] Caching disabled for ExternalDependencyInstrumentingArtifactTransform: /home/runner/.gradle/caches/modules-2/files-2.1/com.android.tools.build/builder-test-api/8.6.0/eeeac19a4547d758cdd64e6aacbd53bb51d1ea79/builder-test-api-8.6.0.jar because:
[        ]   Build cache is disabled
[        ]   Caching not enabled.
[        ] Caching disabled for ExternalDependencyInstrumentingArtifactTransform: /home/runner/.gradle/caches/modules-2/files-2.1/com.android.tools.ddms/ddmlib/31.6.0/cec99d30da3f854bde3d734fabca09400097e4bd/ddmlib-31.6.0.jar because:
[        ]   Build cache is disabled
[        ]   Caching not enabled.
[        ] Caching disabled for ExternalDependencyInstrumentingArtifactTransform: /home/runner/.gradle/caches/modules-2/files-2.1/com.android.tools.build/aaptcompiler/8.6.0/a11efeda12fa0ccac5927c39ae3cb103c51dc94b/aaptcompiler-8.6.0.jar because:
[        ]   Build cache is disabled
[        ]   Caching not enabled.
[ +103 ms] Caching disabled for ExternalDependencyInstrumentingArtifactTransform: /home/runner/.gradle/caches/modules-2/files-2.1/com.android.tools.build/bundletool/1.16.0/88e6c67d315e7d2a860bb00b1bd93914f2c4fd33/bundletool-1.16.0.jar because:
[        ]   Build cache is disabled
[        ]   Caching not enabled.
[        ] Caching disabled for ExternalDependencyInstrumentingArtifactTransform: /home/runner/.gradle/caches/modules-2/files-2.1/com.android.tools.build/aapt2-proto/8.6.0-11315950/53391aa56747d68af595877435ba51c07a268fbf/aapt2-proto-8.6.0-11315950.jar because:
[        ]   Build cache is disabled
[        ]   Caching not enabled.
[  +94 ms] Caching disabled for ExternalDependencyInstrumentingArtifactTransform: /home/runner/.gradle/caches/modules-2/files-2.1/com.android.tools.analytics-library/crash/31.6.0/669e0dbea9c0612c1752365738497bea9627a6b9/crash-31.6.0.jar because:
[        ]   Build cache is disabled
[        ]   Caching not enabled.
[ +104 ms] Caching disabled for ExternalDependencyInstrumentingArtifactTransform: /home/runner/.gradle/caches/modules-2/files-2.1/com.android.tools.analytics-library/tracker/31.6.0/6e10f330711874dceeb3935763d82d3792a7e13e/tracker-31.6.0.jar because:
[        ]   Build cache is disabled
[        ]   Caching not enabled.
[        ] Caching disabled for ExternalDependencyInstrumentingArtifactTransform: /home/runner/.gradle/caches/modules-2/files-2.1/com.android.tools.analytics-library/shared/31.6.0/45eea9de2d45308aa30272dca79ea59d6720eb4a/shared-31.6.0.jar because:
[        ]   Build cache is disabled
[        ]   Caching not enabled.
[        ] Caching disabled for ExternalDependencyInstrumentingArtifactTransform: /home/runner/.gradle/caches/modules-2/files-2.1/com.android.tools.lint/lint-typedef-remover/31.6.0/644ab9b8a697ba83702c4e32eaaf95c504e1a522/lint-typedef-remover-31.6.0.jar because:
[        ]   Build cache is disabled
[        ]   Caching not enabled.
[        ] Caching disabled for ExternalDependencyInstrumentingArtifactTransform: /home/runner/.gradle/caches/modules-2/files-2.1/androidx.databinding/databinding-compiler-common/8.6.0/56994ba47bfd6083f39afaf91a443e32ba365279/databinding-compiler-common-8.6.0.jar because:
[        ]   Build cache is disabled
[        ]   Caching not enabled.
[  +94 ms] Caching disabled for ExternalDependencyInstrumentingArtifactTransform: /home/runner/.gradle/caches/modules-2/files-2.1/androidx.databinding/databinding-common/8.6.0/2be3530b78477835e69dce953b17adc1dbc5c6fa/databinding-common-8.6.0.jar because:
[        ]   Build cache is disabled
[        ]   Caching not enabled.
[        ] Caching disabled for ExternalDependencyInstrumentingArtifactTransform: /home/runner/.gradle/caches/modules-2/files-2.1/com.android.databinding/baseLibrary/8.6.0/7e7399239e52d4069896277615e005add7ae8e5a/baseLibrary-8.6.0.jar because:
[        ]   Build cache is disabled
[        ]   Caching not enabled.
[        ] Caching disabled for ExternalDependencyInstrumentingArtifactTransform: /home/runner/.gradle/caches/modules-2/files-2.1/com.android.tools.layoutlib/layoutlib-api/31.6.0/6abada4555fa60825ea5f353443a7e561445c4f0/layoutlib-api-31.6.0.jar because:
[        ]   Build cache is disabled
[        ]   Caching not enabled.
[  +99 ms] Caching disabled for ExternalDependencyInstrumentingArtifactTransform: /home/runner/.gradle/caches/modules-2/files-2.1/com.android.tools.utp/android-device-provider-ddmlib-proto/31.6.0/732647a1df2d9405dbbc944ccb1a9153d7dc3e3a/android-device-provider-ddmlib-proto-31.6.0.jar because:
[        ]   Build cache is disabled
[        ]   Caching not enabled.
[        ] Caching disabled for ExternalDependencyInstrumentingArtifactTransform: /home/runner/.gradle/caches/modules-2/files-2.1/com.android.tools.utp/android-device-provider-gradle-proto/31.6.0/9f4923a6c0e213f00c1cc31720d1535f2d8517fe/android-device-provider-gradle-proto-31.6.0.jar because:
[        ]   Build cache is disabled
[        ]   Caching not enabled.
[        ] Caching disabled for ExternalDependencyInstrumentingArtifactTransform: /home/runner/.gradle/caches/modules-2/files-2.1/com.android.tools.utp/android-test-plugin-host-additional-test-output-proto/31.6.0/c02332c53d95a3e0ccd7ad9d6d97f8fec5d1a469/android-test-plugin-host-additional-test-output-proto-31.6.0.jar because:
[        ]   Build cache is disabled
[        ]   Caching not enabled.
[        ] Caching disabled for ExternalDependencyInstrumentingArtifactTransform: /home/runner/.gradle/caches/modules-2/files-2.1/com.android.tools.utp/android-test-plugin-host-coverage-proto/31.6.0/c780344aab70a33c454ad697295e12278fed16db/android-test-plugin-host-coverage-proto-31.6.0.jar because:
[        ]   Build cache is disabled
[        ]   Caching not enabled.
[        ] Caching disabled for ExternalDependencyInstrumentingArtifactTransform: /home/runner/.gradle/caches/modules-2/files-2.1/com.android.tools.utp/android-test-plugin-host-emulator-control-proto/31.6.0/faaddb0258a839e6ab89fe2acbe20ce29b403b43/android-test-plugin-host-emulator-control-proto-31.6.0.jar because:
[        ]   Build cache is disabled
[        ]   Caching not enabled.
[        ] Caching disabled for ExternalDependencyInstrumentingArtifactTransform: /home/runner/.gradle/caches/modules-2/files-2.1/com.android.tools.utp/android-test-plugin-host-logcat-proto/31.6.0/d8f873c14c5c65746b97801c2c6cae506d0b3d29/android-test-plugin-host-logcat-proto-31.6.0.jar because:
[        ]   Build cache is disabled
[        ]   Caching not enabled.
[ +100 ms] Caching disabled for ExternalDependencyInstrumentingArtifactTransform: /home/runner/.gradle/caches/modules-2/files-2.1/com.android.tools.utp/android-test-plugin-host-apk-installer-proto/31.6.0/695cf71232626eeca4d84f72314196b270ca1c11/android-test-plugin-host-apk-installer-proto-31.6.0.jar because:
[        ]   Build cache is disabled
[        ]   Caching not enabled.
[        ] Caching disabled for ExternalDependencyInstrumentingArtifactTransform: /home/runner/.gradle/caches/modules-2/files-2.1/com.android.tools.utp/android-test-plugin-host-retention-proto/31.6.0/8ef946d4477f3b40b3bcb7d151131483b6d77d67/android-test-plugin-host-retention-proto-31.6.0.jar because:
[        ]   Build cache is disabled
[        ]   Caching not enabled.
[        ] Caching disabled for ExternalDependencyInstrumentingArtifactTransform: /home/runner/.gradle/caches/modules-2/files-2.1/com.android.tools.utp/android-test-plugin-result-listener-gradle-proto/31.6.0/f51d5e35aa252438265500d79fc2d314b7555b94/android-test-plugin-result-listener-gradle-proto-31.6.0.jar because:
[        ]   Build cache is disabled
[        ]   Caching not enabled.
[        ] Caching disabled for ExternalDependencyInstrumentingArtifactTransform: /home/runner/.gradle/caches/modules-2/files-2.1/com.android.tools.build/builder-model/8.6.0/d604197f159f08b63f626c6d141918f1c04ba450/builder-model-8.6.0.jar because:
[        ]   Build cache is disabled
[        ]   Caching not enabled.
[        ] Caching disabled for ExternalDependencyInstrumentingArtifactTransform: /home/runner/.gradle/caches/modules-2/files-2.1/com.android.tools/dvlib/31.6.0/8c475e80a82e3c293d792ea9a22847c43904c2fc/dvlib-31.6.0.jar because:
[        ]   Build cache is disabled
[        ]   Caching not enabled.
[        ] Caching disabled for ExternalDependencyInstrumentingArtifactTransform: /home/runner/.gradle/caches/modules-2/files-2.1/com.android.tools/common/31.6.0/efe9e7cb9db0c21b65fe8816a98533da0957b33b/common-31.6.0.jar because:
[        ]   Build cache is disabled
[        ]   Caching not enabled.
[  +94 ms] Caching disabled for ExternalDependencyInstrumentingArtifactTransform: /home/runner/.gradle/caches/modules-2/files-2.1/com.android.tools.build.jetifier/jetifier-processor/1.0.0-beta10/946c39eb0c052ff4f60a8939648a8b99af20d604/jetifier-processor-1.0.0-beta10.jar because:
[        ]   Build cache is disabled
[        ]   Caching not enabled.
[ +100 ms] Caching disabled for ExternalDependencyInstrumentingArtifactTransform: /home/runner/.gradle/caches/modules-2/files-2.1/com.android.tools.build.jetifier/jetifier-core/1.0.0-beta10/6e621022a9c95af12a7004d6b55805bbd1126837/jetifier-core-1.0.0-beta10.jar because:
[        ]   Build cache is disabled
[        ]   Caching not enabled.
[        ] Caching disabled for ExternalDependencyInstrumentingArtifactTransform: /home/runner/.gradle/caches/modules-2/files-2.1/org.jetbrains.kotlin/kotlin-reflect/1.9.20/34eeb4eed5f493cdbb760ef50a5653ec414006bf/kotlin-reflect-1.9.20.jar because:
[        ]   Build cache is disabled
[        ]   Caching not enabled.
[ +298 ms] Caching disabled for ExternalDependencyInstrumentingArtifactTransform: /home/runner/.gradle/caches/modules-2/files-2.1/org.jetbrains.kotlin/kotlin-stdlib-jdk7/1.9.20/8b4b73f4e08efaae93fc01d8c6eaab58a72d2ab3/kotlin-stdlib-jdk7-1.9.20.jar because:
[        ]   Build cache is disabled
[        ]   Caching not enabled.
[        ] Caching disabled for ExternalDependencyInstrumentingArtifactTransform: /home/runner/.gradle/caches/modules-2/files-2.1/org.jetbrains.kotlinx/kotlinx-serialization-core-jvm/1.4.0/9b00d574374ae0201a505ab54c7744586866dc27/kotlinx-serialization-core-jvm-1.4.0.jar because:
[        ]   Build cache is disabled
[        ]   Caching not enabled.
[  +98 ms] Caching disabled for ExternalDependencyInstrumentingArtifactTransform: /home/runner/.gradle/caches/modules-2/files-2.1/org.jetbrains.kotlin/kotlin-stdlib/1.9.20/e58b4816ac517e9cc5df1db051120c63d4cde669/kotlin-stdlib-1.9.20.jar because:
[        ]   Build cache is disabled
[        ]   Caching not enabled.
[        ] Caching disabled for ExternalDependencyInstrumentingArtifactTransform: /home/runner/.gradle/caches/modules-2/files-2.1/org.jetbrains.kotlin/kotlin-stdlib-jdk8/1.9.20/e2b4d1f475ae0606d063a84fce4dccdb45c7e12a/kotlin-stdlib-jdk8-1.9.20.jar because:
[        ]   Build cache is disabled
[        ]   Caching not enabled.
[        ] Caching disabled for ExternalDependencyInstrumentingArtifactTransform: /home/runner/.gradle/caches/modules-2/files-2.1/com.android.tools.build/transform-api/2.0.0-deprecated-use-gradle-api/47f6c56527c42425742fa9b56ffd3fd80763fe03/transform-api-2.0.0-deprecated-use-gradle-api.jar because:
[        ]   Build cache is disabled
[        ]   Caching not enabled.
[        ] Caching disabled for ExternalDependencyInstrumentingArtifactTransform: /home/runner/.gradle/caches/modules-2/files-2.1/org.apache.httpcomponents/httpmime/4.5.6/164343da11db817e81e24e0d9869527e069850c9/httpmime-4.5.6.jar because:
[        ]   Build cache is disabled
[        ]   Caching not enabled.
[  +98 ms] Caching disabled for ExternalDependencyInstrumentingArtifactTransform: /home/runner/.gradle/caches/modules-2/files-2.1/commons-io/commons-io/2.13.0/8bb2bc9b4df17e2411533a0708a69f983bf5e83b/commons-io-2.13.0.jar because:
[        ]   Build cache is disabled
[        ]   Caching not enabled.
[        ] Caching disabled for ExternalDependencyInstrumentingArtifactTransform: /home/runner/.gradle/caches/modules-2/files-2.1/org.ow2.asm/asm-commons/9.6/f1a9e5508eff490744144565c47326c8648be309/asm-commons-9.6.jar because:
[        ]   Build cache is disabled
[        ]   Caching not enabled.
[        ] Caching disabled for ExternalDependencyInstrumentingArtifactTransform: /home/runner/.gradle/caches/modules-2/files-2.1/org.ow2.asm/asm-util/9.6/f77caf84eb93786a749b2baa40865b9613e3eaee/asm-util-9.6.jar because:
[        ]   Build cache is disabled
[        ]   Caching not enabled.
[  +98 ms] Caching disabled for ExternalDependencyInstrumentingArtifactTransform: /home/runner/.gradle/caches/modules-2/files-2.1/org.ow2.asm/asm-analysis/9.6/9ce6c7b174bd997fc2552dff47964546bd7a5ec3/asm-analysis-9.6.jar because:
[   +1 ms]   Build cache is disabled
[        ]   Caching not enabled.
[        ] Caching disabled for ExternalDependencyInstrumentingArtifactTransform: /home/runner/.gradle/caches/modules-2/files-2.1/org.ow2.asm/asm-tree/9.6/c0cdda9d211e965d2a4448aa3fd86110f2f8c2de/asm-tree-9.6.jar because:
[        ]   Build cache is disabled
[        ]   Caching not enabled.
[        ] Caching disabled for ExternalDependencyInstrumentingArtifactTransform: /home/runner/.gradle/caches/modules-2/files-2.1/org.ow2.asm/asm/9.6/aa205cf0a06dbd8e04ece91c0b37c3f5d567546a/asm-9.6.jar because:
[        ]   Build cache is disabled
[        ]   Caching not enabled.
[        ] Caching disabled for ExternalDependencyInstrumentingArtifactTransform: /home/runner/.gradle/caches/modules-2/files-2.1/com.android.tools.build/apkzlib/8.6.0/d656b52facbb301b8bdc1e40a5ae008bcf335fe9/apkzlib-8.6.0.jar because:
[        ]   Build cache is disabled
[   +3 ms]   Caching not enabled.
[        ] Caching disabled for ExternalDependencyInstrumentingArtifactTransform: /home/runner/.gradle/caches/modules-2/files-2.1/org.bouncycastle/bcpkix-jdk18on/1.77/ed953791ba0229747dd0fd9911e3d76a462acfd3/bcpkix-jdk18on-1.77.jar because:
[        ]   Build cache is disabled
[        ]   Caching not enabled.
[        ] Caching disabled for ExternalDependencyInstrumentingArtifactTransform: /home/runner/.gradle/caches/modules-2/files-2.1/org.glassfish.jaxb/jaxb-runtime/2.3.2/5528bc882ea499a09d720b42af11785c4fc6be2a/jaxb-runtime-2.3.2.jar because:
[        ]   Build cache is disabled
[        ]   Caching not enabled.
[  +96 ms] Caching disabled for ExternalDependencyInstrumentingArtifactTransform: /home/runner/.gradle/caches/modules-2/files-2.1/net.sf.jopt-simple/jopt-simple/4.9/ee9e9eaa0a35360dcfeac129ff4923215fd65904/jopt-simple-4.9.jar because:
[        ]   Build cache is disabled
[        ]   Caching not enabled.
[        ] Caching disabled for ExternalDependencyInstrumentingArtifactTransform: /home/runner/.gradle/caches/modules-2/files-2.1/com.squareup/javapoet/1.10.0/712c178d35185d8261295913c9f2a7d6867a6007/javapoet-1.10.0.jar because:
[        ]   Build cache is disabled
[        ]   Caching not enabled.
[        ] Caching disabled for ExternalDependencyInstrumentingArtifactTransform: /home/runner/.gradle/caches/modules-2/files-2.1/com.google.protobuf/protobuf-java-util/3.22.3/749cd4fe8ab52f37bc186193802ba19f5b284647/protobuf-java-util-3.22.3.jar because:
[        ]   Build cache is disabled
[        ]   Caching not enabled.
[        ] Caching disabled for ExternalDependencyInstrumentingArtifactTransform: /home/runner/.gradle/caches/modules-2/files-2.1/io.grpc/grpc-protobuf/1.57.0/49986e40de6cbd14ba26247639b18ab0bac921c1/grpc-protobuf-1.57.0.jar because:
[        ]   Build cache is disabled
[        ]   Caching not enabled.
[        ] Caching disabled for ExternalDependencyInstrumentingArtifactTransform: /home/runner/.gradle/caches/modules-2/files-2.1/com.google.crypto.tink/tink/1.7.0/668b57f109d32349b2870448f06ae6f202713edc/tink-1.7.0.jar because:
[        ]   Build cache is disabled
[        ]   Caching not enabled.
[        ] Caching disabled for ExternalDependencyInstrumentingArtifactTransform: /home/runner/.gradle/caches/modules-2/files-2.1/com.android.tools.analytics-library/protos/31.6.0/a651e7f3d4ebd918607129e9d55e31f291fc7259/protos-31.6.0.jar because:
[        ]   Build cache is disabled
[        ]   Caching not enabled.
[ +197 ms] Caching disabled for ExternalDependencyInstrumentingArtifactTransform: /home/runner/.gradle/caches/modules-2/files-2.1/com.google.api.grpc/proto-google-common-protos/2.17.0/7edf1e3aa96dc3861f7a8f24556c714e9c5b292/proto-google-common-protos-2.17.0.jar because:
[        ]   Build cache is disabled
[        ]   Caching not enabled.
[ +197 ms] Caching disabled for ExternalDependencyInstrumentingArtifactTransform: /home/runner/.gradle/caches/modules-2/files-2.1/com.google.protobuf/protobuf-java/3.22.3/fdee98b8f6abab73f146a4edb4c09e56f8278d03/protobuf-java-3.22.3.jar because:
[        ]   Build cache is disabled
[        ]   Caching not enabled.
[  +99 ms] Caching disabled for ExternalDependencyInstrumentingArtifactTransform: /home/runner/.gradle/caches/modules-2/files-2.1/io.grpc/grpc-netty/1.57.0/99cc01516c2fd1d134bf2585c2b38fa400804986/grpc-netty-1.57.0.jar because:
[        ]   Build cache is disabled
[        ]   Caching not enabled.
[        ] Caching disabled for ExternalDependencyInstrumentingArtifactTransform: /home/runner/.gradle/caches/modules-2/files-2.1/io.grpc/grpc-core/1.57.0/2b6ef5166f31315098fff9bb85f33ab5fed58f6b/grpc-core-1.57.0.jar because:
[        ]   Build cache is disabled
[        ]   Caching not enabled.
[ +104 ms] Caching disabled for ExternalDependencyInstrumentingArtifactTransform: /home/runner/.gradle/caches/modules-2/files-2.1/com.google.code.gson/gson/2.10.1/b3add478d4382b78ea20b1671390a858002feb6c/gson-2.10.1.jar because:
[        ]   Build cache is disabled
[        ]   Caching not enabled.
[        ] Caching disabled for ExternalDependencyInstrumentingArtifactTransform: /home/runner/.gradle/caches/modules-2/files-2.1/io.grpc/grpc-stub/1.57.0/262e1469c080164d5e2459f4908394d66f4e8828/grpc-stub-1.57.0.jar because:
[        ]   Build cache is disabled
[        ]   Caching not enabled.
[        ] Caching disabled for ExternalDependencyInstrumentingArtifactTransform: /home/runner/.gradle/caches/modules-2/files-2.1/com.google.testing.platform/core-proto/0.0.9-alpha02/ee54219cbb4a7fb83cdc528e9a85e0383f3ee726/core-proto-0.0.9-alpha02.jar because:
[        ]   Build cache is disabled
[        ]   Caching not enabled.
[        ] Caching disabled for ExternalDependencyInstrumentingArtifactTransform: /home/runner/.gradle/caches/modules-2/files-2.1/net.sf.kxml/kxml2/2.3.0/ccbc77a5fd907ef863c29f3596c6f54ffa4e9442/kxml2-2.3.0.jar because:
[        ]   Build cache is disabled
[        ]   Caching not enabled.
[        ] Caching disabled for ExternalDependencyInstrumentingArtifactTransform: /home/runner/.gradle/caches/modules-2/files-2.1/org.tensorflow/tensorflow-lite-metadata/0.1.0-rc2/7aa9b3e16d85c2aae5eff741265315a37c9f731a/tensorflow-lite-metadata-0.1.0-rc2.jar because:
[        ]   Build cache is disabled
[        ]   Caching not enabled.
[        ] Caching disabled for ExternalDependencyInstrumentingArtifactTransform: /home/runner/.gradle/caches/modules-2/files-2.1/com.google.flatbuffers/flatbuffers-java/1.12.0/8201cc7b511177a37071249e891f2f2fea4b32e9/flatbuffers-java-1.12.0.jar because:
[        ]   Build cache is disabled
[        ]   Caching not enabled.
[  +93 ms] Caching disabled for ExternalDependencyInstrumentingArtifactTransform: /home/runner/.gradle/caches/modules-2/files-2.1/org.jetbrains.kotlin/kotlin-gradle-plugin-annotations/2.0.0/4d00ed44eb30a888234724ba8ff46e1ed5c1546d/kotlin-gradle-plugin-annotations-2.0.0.jar because:
[        ]   Build cache is disabled
[        ]   Caching not enabled.
[        ] Caching disabled for ExternalDependencyInstrumentingArtifactTransform: /home/runner/.gradle/caches/modules-2/files-2.1/org.jetbrains.kotlin/kotlin-tooling-core/2.0.0/1ac0c3686d77f70bc5981872121d812dc8182935/kotlin-tooling-core-2.0.0.jar because:
[        ]   Build cache is disabled
[        ]   Caching not enabled.
[        ] Caching disabled for ExternalDependencyInstrumentingArtifactTransform: /home/runner/.gradle/caches/modules-2/files-2.1/org.jetbrains.kotlin/kotlin-daemon-client/2.0.0/42b189ff60bee1f674bf4bd806014cd8a519b73f/kotlin-daemon-client-2.0.0.jar because:
[        ]   Build cache is disabled
[        ]   Caching not enabled.
[        ] Caching disabled for ExternalDependencyInstrumentingArtifactTransform: /home/runner/.gradle/caches/modules-2/files-2.1/org.jetbrains.kotlinx/kotlinx-coroutines-core-jvm/1.5.0/d8cebccdcddd029022aa8646a5a953ff88b13ac8/kotlinx-coroutines-core-jvm-1.5.0.jar because:
[        ]   Build cache is disabled
[        ]   Caching not enabled.
[  +98 ms] Caching disabled for ExternalDependencyInstrumentingArtifactTransform: /home/runner/.gradle/caches/modules-2/files-2.1/org.jetbrains.kotlin/kotlin-util-io/2.0.0/b99cf9311bece174111296392b11c662b5fc1949/kotlin-util-io-2.0.0.jar because:
[        ]   Build cache is disabled
[        ]   Caching not enabled.
[        ] Caching disabled for ExternalDependencyInstrumentingArtifactTransform: /home/runner/.gradle/caches/modules-2/files-2.1/org.jetbrains.kotlin/kotlin-daemon-embeddable/2.0.0/b39c612768614c4428c96ee9c65477181fffe9d/kotlin-daemon-embeddable-2.0.0.jar because:
[        ]   Build cache is disabled
[        ]   Caching not enabled.
[        ] Caching disabled for ExternalDependencyInstrumentingArtifactTransform: /home/runner/.gradle/caches/modules-2/files-2.1/org.jetbrains.intellij.deps/trove4j/1.0.20200330/3afb14d5f9ceb459d724e907a21145e8ff394f02/trove4j-1.0.20200330.jar because:
[        ]   Build cache is disabled
[        ]   Caching not enabled.
[ +102 ms] Caching disabled for ExternalDependencyInstrumentingArtifactTransform: /home/runner/.gradle/caches/modules-2/files-2.1/com.google.jimfs/jimfs/1.1/8fbd0579dc68aba6186935cc1bee21d2f3e7ec1c/jimfs-1.1.jar because:
[        ]   Build cache is disabled
[        ]   Caching not enabled.
[        ] Caching disabled for ExternalDependencyInstrumentingArtifactTransform: /home/runner/.gradle/caches/modules-2/files-2.1/io.grpc/grpc-context/1.57.0/8d8f26a9b0bed637ee4592e1df3ef134ed2c54fd/grpc-context-1.57.0.jar because:
[        ]   Build cache is disabled
[        ]   Caching not enabled.
[        ] Caching disabled for ExternalDependencyInstrumentingArtifactTransform: /home/runner/.gradle/caches/modules-2/files-2.1/io.grpc/grpc-protobuf-lite/1.57.0/ca0084219b71d29cd9bfc3b81780aca91a965753/grpc-protobuf-lite-1.57.0.jar because:
[        ]   Build cache is disabled
[        ]   Caching not enabled.
[        ] Caching disabled for ExternalDependencyInstrumentingArtifactTransform: /home/runner/.gradle/caches/modules-2/files-2.1/io.grpc/grpc-api/1.57.0/768ab3e583b213a3672ec776e70765b594e8bbe5/grpc-api-1.57.0.jar because:
[   +1 ms]   Build cache is disabled
[        ]   Caching not enabled.
[        ] Caching disabled for ExternalDependencyInstrumentingArtifactTransform: /home/runner/.gradle/caches/modules-2/files-2.1/com.google.guava/guava/32.0.1-jre/6e5d51a72d142f2d40a57dfb897188b36a95b489/guava-32.0.1-jre.jar because:
[        ]   Build cache is disabled
[        ]   Caching not enabled.
[        ] Caching disabled for ExternalDependencyInstrumentingArtifactTransform: /home/runner/.gradle/caches/modules-2/files-2.1/com.google.dagger/dagger/2.28.3/10d83810ef9e19714116ed518896c90c6606d633/dagger-2.28.3.jar because:
[        ]   Build cache is disabled
[        ]   Caching not enabled.
[   +2 ms] Caching disabled for ExternalDependencyInstrumentingArtifactTransform: /home/runner/.gradle/caches/modules-2/files-2.1/javax.inject/javax.inject/1/6975da39a7040257bd51d21a231b76c915872d38/javax.inject-1.jar because:
[        ]   Build cache is disabled
[        ]   Caching not enabled.
[        ] Caching disabled for ExternalDependencyInstrumentingArtifactTransform: /home/runner/.gradle/caches/modules-2/files-2.1/org.bouncycastle/bcutil-jdk18on/1.77/de3eaef351545fe8562cf29ddff4a403a45b49b7/bcutil-jdk18on-1.77.jar because:
[        ]   Build cache is disabled
[        ]   Caching not enabled.
[        ] Caching disabled for ExternalDependencyInstrumentingArtifactTransform: /home/runner/.gradle/caches/modules-2/files-2.1/org.bouncycastle/bcprov-jdk18on/1.77/2cc971b6c20949c1ff98d1a4bc741ee848a09523/bcprov-jdk18on-1.77.jar because:
[        ]   Build cache is disabled
[        ]   Caching not enabled.
[  +89 ms] Caching disabled for ExternalDependencyInstrumentingArtifactTransform: /home/runner/.gradle/caches/modules-2/files-2.1/org.apache.commons/commons-compress/1.21/4ec95b60d4e86b5c95a0e919cb172a0af98011ef/commons-compress-1.21.jar because:
[        ]   Build cache is disabled
[        ]   Caching not enabled.
[  +99 ms] Caching disabled for ExternalDependencyInstrumentingArtifactTransform: /home/runner/.gradle/caches/modules-2/files-2.1/org.apache.httpcomponents/httpclient/4.5.14/1194890e6f56ec29177673f2f12d0b8e627dec98/httpclient-4.5.14.jar because:
[        ]   Build cache is disabled
[        ]   Caching not enabled.
[        ] Caching disabled for ExternalDependencyInstrumentingArtifactTransform: /home/runner/.gradle/caches/modules-2/files-2.1/org.apache.httpcomponents/httpcore/4.4.16/51cf043c87253c9f58b539c9f7e44c8894223850/httpcore-4.4.16.jar because:
[        ]   Build cache is disabled
[        ]   Caching not enabled.
[ +102 ms] Caching disabled for ExternalDependencyInstrumentingArtifactTransform: /home/runner/.gradle/caches/modules-2/files-2.1/com.sun.activation/javax.activation/1.2.0/bf744c1e2776ed1de3c55c8dac1057ec331ef744/javax.activation-1.2.0.jar because:
[        ]   Build cache is disabled
[        ]   Caching not enabled.
[        ] Caching disabled for ExternalDependencyInstrumentingArtifactTransform: /home/runner/.gradle/caches/modules-2/files-2.1/org.jetbrains/annotations/23.0.0/8cc20c07506ec18e0834947b84a864bfc094484e/annotations-23.0.0.jar because:
[        ]   Build cache is disabled
[        ]   Caching not enabled.
[        ] Caching disabled for ExternalDependencyInstrumentingArtifactTransform: /home/runner/.gradle/caches/modules-2/files-2.1/com.android/signflinger/8.6.0/13f035dd8e7e470ff8f3216a0b46333187f26df5/signflinger-8.6.0.jar because:
[        ]   Build cache is disabled
[        ]   Caching not enabled.
[        ] Caching disabled for ExternalDependencyInstrumentingArtifactTransform: /home/runner/.gradle/caches/modules-2/files-2.1/com.android/zipflinger/8.6.0/de8e3267995699af356740cf562cbedb485f5763/zipflinger-8.6.0.jar because:
[        ]   Build cache is disabled
[        ]   Caching not enabled.
[        ] Caching disabled for ExternalDependencyInstrumentingArtifactTransform: /home/runner/.gradle/caches/modules-2/files-2.1/com.android.tools/annotations/31.6.0/1946e7f75bc1615b4abfc0f83899934dfcbdf1fc/annotations-31.6.0.jar because:
[        ]   Build cache is disabled
[        ]   Caching not enabled.
[        ] Caching disabled for ExternalDependencyInstrumentingArtifactTransform: /home/runner/.gradle/caches/modules-2/files-2.1/net.java.dev.jna/jna-platform/5.6.0/d18424ffb8bbfd036d71bcaab9b546858f2ef986/jna-platform-5.6.0.jar because:
[        ]   Build cache is disabled
[        ]   Caching not enabled.
[        ] Caching disabled for ExternalDependencyInstrumentingArtifactTransform: /home/runner/.gradle/caches/modules-2/files-2.1/com.googlecode.juniversalchardet/juniversalchardet/1.0.3/cd49678784c46aa8789c060538e0154013bb421b/juniversalchardet-1.0.3.jar because:
[        ]   Build cache is disabled
[        ]   Caching not enabled.
[        ] Caching disabled for ExternalDependencyInstrumentingArtifactTransform: /home/runner/.gradle/caches/modules-2/files-2.1/javax.annotation/javax.annotation-api/1.3.2/934c04d3cfef185a8008e7bf34331b79730a9d43/javax.annotation-api-1.3.2.jar because:
[        ]   Build cache is disabled
[        ]   Caching not enabled.
[        ] Caching disabled for ExternalDependencyInstrumentingArtifactTransform: /home/runner/.gradle/caches/modules-2/files-2.1/org.jvnet.staxex/stax-ex/1.8.1/78011e483a21102fb4858f3e8f269a677e50aa23/stax-ex-1.8.1.jar because:
[        ]   Build cache is disabled
[   +2 ms]   Caching not enabled.
[  +92 ms] Caching disabled for ExternalDependencyInstrumentingArtifactTransform: /home/runner/.gradle/caches/modules-2/files-2.1/jakarta.xml.bind/jakarta.xml.bind-api/2.3.2/8d49996a4338670764d7ca4b85a1c4ccf7fe665d/jakarta.xml.bind-api-2.3.2.jar because:
[        ]   Build cache is disabled
[   +4 ms]   Caching not enabled.
[        ] Caching disabled for ExternalDependencyInstrumentingArtifactTransform: /home/runner/.gradle/caches/modules-2/files-2.1/org.glassfish.jaxb/txw2/2.3.2/ce5be7da2e442c25ec14c766cb60cb802741727b/txw2-2.3.2.jar because:
[        ]   Build cache is disabled
[        ]   Caching not enabled.
[        ] Caching disabled for ExternalDependencyInstrumentingArtifactTransform: /home/runner/.gradle/caches/modules-2/files-2.1/com.sun.istack/istack-commons-runtime/3.0.8/d6a97364045aa6b99bf2d3c566a3f98599c2d296/istack-commons-runtime-3.0.8.jar because:
[        ]   Build cache is disabled
[        ]   Caching not enabled.
[        ] Caching disabled for ExternalDependencyInstrumentingArtifactTransform: /home/runner/.gradle/caches/modules-2/files-2.1/com.sun.xml.fastinfoset/FastInfoset/1.2.16/4eb6a0adad553bf759ffe86927df6f3b848c8bea/FastInfoset-1.2.16.jar because:
[        ]   Build cache is disabled
[        ]   Caching not enabled.
[        ] Caching disabled for ExternalDependencyInstrumentingArtifactTransform: /home/runner/.gradle/caches/modules-2/files-2.1/jakarta.activation/jakarta.activation-api/1.2.1/562a587face36ec7eff2db7f2fc95425c6602bc1/jakarta.activation-api-1.2.1.jar because:
[        ]   Build cache is disabled
[        ]   Caching not enabled.
[        ] Caching disabled for ExternalDependencyInstrumentingArtifactTransform: /home/runner/.gradle/caches/modules-2/files-2.1/com.google.auto.value/auto-value-annotations/1.6.2/ed193d86e0af90cc2342aedbe73c5d86b03fa09b/auto-value-annotations-1.6.2.jar because:
[        ]   Build cache is disabled
[        ]   Caching not enabled.
[        ] Caching disabled for ExternalDependencyInstrumentingArtifactTransform: /home/runner/.gradle/caches/modules-2/files-2.1/com.google.errorprone/error_prone_annotations/2.18.0/89b684257096f548fa39a7df9fdaa409d4d4df91/error_prone_annotations-2.18.0.jar because:
[        ]   Build cache is disabled
[        ]   Caching not enabled.
[        ] Caching disabled for ExternalDependencyInstrumentingArtifactTransform: /home/runner/.gradle/caches/modules-2/files-2.1/org.bitbucket.b_c/jose4j/0.9.5/e4ca26802488e6f16e24558d74ac8775a955fdd3/jose4j-0.9.5.jar because:
[        ]   Build cache is disabled
[        ]   Caching not enabled.
[        ] Caching disabled for ExternalDependencyInstrumentingArtifactTransform: /home/runner/.gradle/caches/modules-2/files-2.1/org.slf4j/slf4j-api/1.7.30/b5a4b6d16ab13e34a88fae84c35cd5d68cac922c/slf4j-api-1.7.30.jar because:
[        ]   Build cache is disabled
[        ]   Caching not enabled.
[        ] Caching disabled for ExternalDependencyInstrumentingArtifactTransform: /home/runner/.gradle/caches/modules-2/files-2.1/org.jdom/jdom2/2.0.6/6f14738ec2e9dd0011e343717fa624a10f8aab64/jdom2-2.0.6.jar because:
[        ]   Build cache is disabled
[   +1 ms]   Caching not enabled.
[        ] Caching disabled for ExternalDependencyInstrumentingArtifactTransform: /home/runner/.gradle/caches/modules-2/files-2.1/com.google.code.findbugs/jsr305/3.0.2/25ea2e8b0c338a877313bd4672d3fe056ea78f0d/jsr305-3.0.2.jar because:
[        ]   Build cache is disabled
[        ]   Caching not enabled.
[  +90 ms] Caching disabled for ExternalDependencyInstrumentingArtifactTransform: /home/runner/.gradle/caches/modules-2/files-2.1/com.google.j2objc/j2objc-annotations/2.8/c85270e307e7b822f1086b93689124b89768e273/j2objc-annotations-2.8.jar because:
[        ]   Build cache is disabled
[        ]   Caching not enabled.
[        ] Caching disabled for ExternalDependencyInstrumentingArtifactTransform: /home/runner/.gradle/caches/modules-2/files-2.1/org.codehaus.mojo/animal-sniffer-annotations/1.23/3c0daebd5f0e1ce72cc50c818321ac957aeb5d70/animal-sniffer-annotations-1.23.jar because:
[        ]   Build cache is disabled
[        ]   Caching not enabled.
[        ] Caching disabled for ExternalDependencyInstrumentingArtifactTransform: /home/runner/.gradle/caches/modules-2/files-2.1/com.google.android/annotations/4.1.1.4/a1678ba907bf92691d879fef34e1a187038f9259/annotations-4.1.1.4.jar because:
[        ]   Build cache is disabled
[        ]   Caching not enabled.
[        ] Caching disabled for ExternalDependencyInstrumentingArtifactTransform: /home/runner/.gradle/caches/modules-2/files-2.1/io.perfmark/perfmark-api/0.26.0/ef65452adaf20bf7d12ef55913aba24037b82738/perfmark-api-0.26.0.jar because:
[        ]   Build cache is disabled
[        ]   Caching not enabled.
[        ] Caching disabled for ExternalDependencyInstrumentingArtifactTransform: /home/runner/.gradle/caches/modules-2/files-2.1/io.netty/netty-codec-http2/4.1.93.Final/f1625b43bde13ec057da0d2fe381ded2547a70e/netty-codec-http2-4.1.93.Final.jar because:
[        ]   Build cache is disabled
[        ]   Caching not enabled.
[        ] Caching disabled for ExternalDependencyInstrumentingArtifactTransform: /home/runner/.gradle/caches/modules-2/files-2.1/io.netty/netty-handler-proxy/4.1.93.Final/c165c1efe1b9c0cc22546a057b530611a088768b/netty-handler-proxy-4.1.93.Final.jar because:
[        ]   Build cache is disabled
[        ]   Caching not enabled.
[        ] Caching disabled for ExternalDependencyInstrumentingArtifactTransform: /home/runner/.gradle/caches/modules-2/files-2.1/io.netty/netty-codec-http/4.1.93.Final/36acf0c94d03eb6ecef78a749a32cbb7dc0c57b4/netty-codec-http-4.1.93.Final.jar because:
[        ]   Build cache is disabled
[        ]   Caching not enabled.
[        ] Caching disabled for ExternalDependencyInstrumentingArtifactTransform: /home/runner/.gradle/caches/modules-2/files-2.1/io.netty/netty-handler/4.1.93.Final/10f7ed9d8e1bfcba416074c70e5388be96116bfc/netty-handler-4.1.93.Final.jar because:
[        ]   Build cache is disabled
[        ]   Caching not enabled.
[ +100 ms] Caching disabled for ExternalDependencyInstrumentingArtifactTransform: /home/runner/.gradle/caches/modules-2/files-2.1/io.netty/netty-transport-native-unix-common/4.1.93.Final/f4fb8b4c8da539091f43abcbb9f0389e48807eea/netty-transport-native-unix-common-4.1.93.Final.jar because:
[        ]   Build cache is disabled
[        ]   Caching not enabled.
[        ] Caching disabled for ExternalDependencyInstrumentingArtifactTransform: /home/runner/.gradle/caches/modules-2/files-2.1/org.checkerframework/checker-qual/3.33.0/de2b60b62da487644fc11f734e73c8b0b431238f/checker-qual-3.33.0.jar because:
[        ]   Build cache is disabled
[        ]   Caching not enabled.
[        ] Caching disabled for ExternalDependencyInstrumentingArtifactTransform: /home/runner/.gradle/caches/modules-2/files-2.1/commons-codec/commons-codec/1.11/3acb4705652e16236558f0f4f2192cc33c3bd189/commons-codec-1.11.jar because:
[        ]   Build cache is disabled
[        ]   Caching not enabled.
[        ] Caching disabled for ExternalDependencyInstrumentingArtifactTransform: /home/runner/.gradle/caches/modules-2/files-2.1/com.android.tools.build/apksig/8.6.0/f005788487574c7d6ba23dea63bf8cb3a4f164a6/apksig-8.6.0.jar because:
[        ]   Build cache is disabled
[        ]   Caching not enabled.
[        ] Caching disabled for ExternalDependencyInstrumentingArtifactTransform: /home/runner/.gradle/caches/modules-2/files-2.1/com.squareup/javawriter/2.5.0/81241ff7078ef14f42ea2a8995fa09c096256e6b/javawriter-2.5.0.jar because:
[        ]   Build cache is disabled
[        ]   Caching not enabled.
[        ] Caching disabled for ExternalDependencyInstrumentingArtifactTransform: /home/runner/.gradle/caches/modules-2/files-2.1/com.google.guava/failureaccess/1.0.1/1dcf1de382a0bf95a3d8b0849546c88bac1292c9/failureaccess-1.0.1.jar because:
[        ]   Build cache is disabled
[        ]   Caching not enabled.
[        ] Caching disabled for ExternalDependencyInstrumentingArtifactTransform: /home/runner/.gradle/caches/modules-2/files-2.1/commons-logging/commons-logging/1.2/4bfc12adfe4842bf07b657f0369c4cb522955686/commons-logging-1.2.jar because:
[        ]   Build cache is disabled
[        ]   Caching not enabled.
[        ] Caching disabled for ExternalDependencyInstrumentingArtifactTransform: /home/runner/.gradle/caches/modules-2/files-2.1/com.google.guava/listenablefuture/9999.0-empty-to-avoid-conflict-with-guava/b421526c5f297295adef1c886e5246c39d4ac629/listenablefuture-9999.0-empty-to-avoid-conflict-with-guava.jar because:
[        ]   Build cache is disabled
[        ]   Caching not enabled.
[        ] Caching disabled for ExternalDependencyInstrumentingArtifactTransform: /home/runner/.gradle/caches/modules-2/files-2.1/net.java.dev.jna/jna/5.6.0/330f2244e9030119ab3030fc3fededc86713d9cc/jna-5.6.0.jar because:
[        ]   Build cache is disabled
[        ]   Caching not enabled.
[        ] Caching disabled for ExternalDependencyInstrumentingArtifactTransform: /home/runner/.gradle/caches/modules-2/files-2.1/io.netty/netty-codec-socks/4.1.93.Final/81ca78969afc60073e47c3b7b361cc3839392c73/netty-codec-socks-4.1.93.Final.jar because:
[   +6 ms]   Build cache is disabled
[        ]   Caching not enabled.
[  +88 ms] Caching disabled for ExternalDependencyInstrumentingArtifactTransform: /home/runner/.gradle/caches/modules-2/files-2.1/io.netty/netty-transport/4.1.93.Final/1a0894915c8027ce83b4d6a811c4e765955efd15/netty-transport-4.1.93.Final.jar because:
[        ]   Build cache is disabled
[        ]   Caching not enabled.
[        ] Caching disabled for ExternalDependencyInstrumentingArtifactTransform: /home/runner/.gradle/caches/modules-2/files-2.1/io.netty/netty-codec/4.1.93.Final/503badb458b6586632be8d1f81aa4e5ab99a80fc/netty-codec-4.1.93.Final.jar because:
[        ]   Build cache is disabled
[        ]   Caching not enabled.
[        ] Caching disabled for ExternalDependencyInstrumentingArtifactTransform: /home/runner/.gradle/caches/modules-2/files-2.1/io.netty/netty-buffer/4.1.93.Final/87fac21f4ef95157866b07b48e3c707a2f13c581/netty-buffer-4.1.93.Final.jar because:
[        ]   Build cache is disabled
[        ]   Caching not enabled.
[        ] Caching disabled for ExternalDependencyInstrumentingArtifactTransform: /home/runner/.gradle/caches/modules-2/files-2.1/io.netty/netty-resolver/4.1.93.Final/3860e99075f9e078364ed38f6d6fc8825b7a168a/netty-resolver-4.1.93.Final.jar because:
[        ]   Build cache is disabled
[        ]   Caching not enabled.
[        ] Caching disabled for ExternalDependencyInstrumentingArtifactTransform: /home/runner/.gradle/caches/modules-2/files-2.1/io.netty/netty-common/4.1.93.Final/1cfc49b91b0d3ddb30c9f7d8467e5d02ae8babdf/netty-common-4.1.93.Final.jar because:
[        ]   Build cache is disabled
[        ]   Caching not enabled.
[ +898 ms] Transforming gradle-1.0.0.jar (project :gradle) with ProjectDependencyInstrumentingArtifactTransform
[        ] Caching disabled for ProjectDependencyInstrumentingArtifactTransform: /opt/hostedtoolcache/flutter/stable-3.47.0-x64/flutter/packages/flutter_tools/gradle/build/libs/gradle-1.0.0.jar because:
[        ]   Build cache is disabled
[        ]   Caching not enabled.
[+2599 ms] Caching disabled for Kotlin DSL script compilation (Settings/ScriptPlugin/stage1) because:
[        ]   Build cache is disabled
[+1099 ms] Caching disabled for Groovy DSL script compilation (settings) because:
[        ]   Build cache is disabled
[        ] Compiling settings file '/home/runner/work/saikumarEduTech/saikumarEduTech/android/settings.gradle' using BuildScriptTransformer.
[        ] Settings evaluated using settings file '/home/runner/work/saikumarEduTech/saikumarEduTech/android/settings.gradle'.
[        ] Projects loaded. Root project using build file '/home/runner/work/saikumarEduTech/saikumarEduTech/android/build.gradle'.
[        ] Included projects: [root project 'android', project ':app', project ':google_mobile_ads', project ':jni', project ':jni_flutter', project ':share_plus', project ':shared_preferences_android', project ':webview_flutter_android']
[+1999 ms] > Configure project :
[        ] Evaluating root project 'android' using build file '/home/runner/work/saikumarEduTech/saikumarEduTech/android/build.gradle'.
[        ] Caching disabled for Groovy DSL script compilation (cp_proj) because:
[        ]   Build cache is disabled
[        ] Compiling build file '/home/runner/work/saikumarEduTech/saikumarEduTech/android/build.gradle' using SubsetScriptTransformer.
[        ] Caching disabled for Groovy DSL script compilation (proj) because:
[        ]   Build cache is disabled
[        ] Compiling build file '/home/runner/work/saikumarEduTech/saikumarEduTech/android/build.gradle' using BuildScriptTransformer.
[+5399 ms] > Configure project :app
[        ] Evaluating project ':app' using build file '/home/runner/work/saikumarEduTech/saikumarEduTech/android/app/build.gradle'.
[        ] Caching disabled for Groovy DSL script compilation (cp_proj) because:
[        ]   Build cache is disabled
[        ] Compiling build file '/home/runner/work/saikumarEduTech/saikumarEduTech/android/app/build.gradle' using SubsetScriptTransformer.
[        ] Using default execution profile
[        ] Using Kotlin Gradle Plugin gradle85 variant
[        ] Caching disabled for Kotlin DSL plugin specs accessors for classpath '03c527cbf70f322c8d3fa81f93a97577' because:
[        ]   Build cache is disabled
[        ] Cannot use Kotlin build script compile avoidance with /home/runner/.gradle/caches/modules-2/files-2.1/org.jetbrains.kotlin/kotlin-gradle-plugin/2.0.0/5c20cbfbc72e5fbecec18e540de7e5fa59205d63/kotlin-gradle-plugin-2.0.0-gradle85.jar: class org/jetbrains/kotlin/gradle/internal/KaptWithAndroid: inline fun androidVariantData(): compile avoidance is not supported with public inline functions
[        ] Cannot use Kotlin build script compile avoidance with /home/runner/.gradle/caches/modules-2/files-2.1/org.jetbrains.kotlin/kotlin-gradle-plugin-idea-proto/2.0.0/f46941fcffe42b93dd9ec103253789290c029d25/kotlin-gradle-plugin-idea-proto-2.0.0.jar: class org/jetbrains/kotlin/gradle/idea/proto/generated/IdeaExtrasProtoKt$Dsl: inline fun setValues(): compile avoidance is not supported with public inline functions
[        ] Cannot use Kotlin build script compile avoidance with /home/runner/.gradle/caches/modules-2/files-2.1/org.jetbrains.kotlin/kotlin-gradle-plugin-idea/2.0.0/dc54973fe68b0bb9b816bd04ef39648ca29526a6/kotlin-gradle-plugin-idea-2.0.0.jar: class org/jetbrains/kotlin/gradle/idea/serialize/IdeaKotlinExtrasSerializer$Companion: inline fun javaIoSerializable(): compile avoidance is not supported with public inline functions
[        ] Cannot use Kotlin build script compile avoidance with /home/runner/.gradle/caches/modules-2/files-2.1/org.jetbrains.kotlin/kotlin-compiler-embeddable/2.0.0/1de310de3446414381282ffc46c3ed3919a4d1da/kotlin-compiler-embeddable-2.0.0.jar: class org/jetbrains/kotlin/konan/file/FileKt: inline fun use(): compile avoidance is not supported with public inline functions
[        ] Cannot use Kotlin build script compile avoidance with /home/runner/.gradle/caches/modules-2/files-2.1/org.jetbrains.kotlinx/kotlinx-serialization-json-jvm/1.4.0/cfa3e57d044a20e5c9e4561a997df823e2f1c81a/kotlinx-serialization-json-jvm-1.4.0.jar: class kotlinx/serialization/json/JsonKt: inline fun decodeFromJsonElement(): compile avoidance is not supported with public inline functions
[        ] Cannot use Kotlin build script compile avoidance with /home/runner/.gradle/caches/modules-2/files-2.1/com.android.tools.build/bundletool/1.16.0/88e6c67d315e7d2a860bb00b1bd93914f2c4fd33/bundletool-1.16.0.jar: class shadow/bundletool/com/android/utils/NodeCollectionHelperKt: inline fun forEach(): compile avoidance is not supported with public inline functions
[        ] Cannot use Kotlin build script compile avoidance with /home/runner/.gradle/caches/modules-2/files-2.1/org.jetbrains.kotlinx/kotlinx-serialization-core-jvm/1.4.0/9b00d574374ae0201a505ab54c7744586866dc27/kotlinx-serialization-core-jvm-1.4.0.jar: class kotlinx/serialization/SerializersKt__SerializersKt: inline fun serializer(): compile avoidance is not supported with public inline functions
[        ] Cannot use Kotlin build script compile avoidance with /home/runner/.gradle/caches/modules-2/files-2.1/org.jetbrains.kotlin/kotlin-tooling-core/2.0.0/1ac0c3686d77f70bc5981872121d812dc8182935/kotlin-tooling-core-2.0.0.jar: class org/jetbrains/kotlin/tooling/core/ClosureKt: inline fun closure(): compile avoidance is not supported with public inline functions
[        ] Cannot use Kotlin build script compile avoidance with /home/runner/.gradle/caches/modules-2/files-2.1/org.jetbrains.kotlinx/kotlinx-coroutines-core-jvm/1.5.0/d8cebccdcddd029022aa8646a5a953ff88b13ac8/kotlinx-coroutines-core-jvm-1.5.0.jar: class kotlinx/coroutines/CoroutineScopeKt: inline fun currentCoroutineContext(): compile avoidance is not supported with public inline functions
[        ] Cannot use Kotlin build script compile avoidance with /home/runner/.gradle/caches/modules-2/files-2.1/org.jetbrains.kotlin/kotlin-util-io/2.0.0/b99cf9311bece174111296392b11c662b5fc1949/kotlin-util-io-2.0.0.jar: class org/jetbrains/kotlin/konan/file/FileKt: inline fun use(): compile avoidance is not supported with public inline functions
[        ] Caching disabled for Kotlin DSL script compilation (Project/ScriptPlugin/stage1) because:
[        ]   Build cache is disabled
[        ] Using Kotlin Gradle Plugin gradle85 variant
[        ] Using Kotlin Gradle Plugin gradle85 variant
[        ] Using Kotlin Gradle Plugin gradle85 variant
[        ] Using Kotlin Gradle Plugin gradle85 variant
[        ] Using Kotlin Gradle Plugin gradle85 variant
[ +104 ms] FAILURE: Build failed with an exception.
[   +1 ms] * Where:
[        ] Build file '/home/runner/work/saikumarEduTech/saikumarEduTech/android/app/build.gradle' line: 4
[        ] * What went wrong:
[        ] An exception occurred applying plugin request [id: 'dev.flutter.flutter-gradle-plugin']
[        ] > Failed to apply plugin 'dev.flutter.flutter-gradle-plugin'.
[        ]    > Error: Your project's Gradle version (8.7.0) is lower than Flutter's minimum supported version of 8.14.0. Please upgrade your Gradle version. 
[        ]      Alternatively, use the flag "--android-skip-build-dependency-validation" to bypass this check.
[        ]      Potential fix: Your project's gradle version is typically defined in the gradle wrapper file. By default, this can be found at /home/runner/work/saikumarEduTech/saikumarEduTech/android/gradle/wrapper/gradle-wrapper.properties. 
[        ]      For more information, see https://docs.gradle.org/current/userguide/gradle_wrapper.html.
[        ] * Try:
[        ] > Run with --debug option to get more log output.
[        ] > Run with --scan to get full insights.
[        ] > Get more help at https://help.gradle.org.
[        ] * Exception is:
[        ] org.gradle.api.plugins.InvalidPluginException: An exception occurred applying plugin request [id: 'dev.flutter.flutter-gradle-plugin']
[        ] 	at org.gradle.plugin.use.internal.DefaultPluginRequestApplicator.exceptionOccurred(DefaultPluginRequestApplicator.java:179)
[        ] 	at org.gradle.plugin.use.internal.DefaultPluginRequestApplicator.access$400(DefaultPluginRequestApplicator.java:52)
[        ] 	at org.gradle.plugin.use.internal.DefaultPluginRequestApplicator$ApplyAction.apply(DefaultPluginRequestApplicator.java:160)
[        ] 	at org.gradle.plugin.use.internal.DefaultPluginRequestApplicator.lambda$applyPlugins$1(DefaultPluginRequestApplicator.java:130)
[        ] 	at java.base/java.util.ArrayList.forEach(ArrayList.java:1511)
[        ] 	at org.gradle.plugin.use.internal.DefaultPluginRequestApplicator.applyPlugins(DefaultPluginRequestApplicator.java:130)
[        ] 	at org.gradle.configuration.DefaultScriptPluginFactory$ScriptPluginImpl.apply(DefaultScriptPluginFactory.java:120)
[        ] 	at org.gradle.configuration.BuildOperationScriptPlugin$1.run(BuildOperationScriptPlugin.java:68)
[        ] 	at org.gradle.internal.operations.DefaultBuildOperationRunner$1.execute(DefaultBuildOperationRunner.java:29)
[        ] 	at org.gradle.internal.operations.DefaultBuildOperationRunner$1.execute(DefaultBuildOperationRunner.java:26)
[        ] 	at org.gradle.internal.operations.DefaultBuildOperationRunner$2.execute(DefaultBuildOperationRunner.java:66)
[        ] 	at org.gradle.internal.operations.DefaultBuildOperationRunner$2.execute(DefaultBuildOperationRunner.java:59)
[        ] 	at org.gradle.internal.operations.DefaultBuildOperationRunner.execute(DefaultBuildOperationRunner.java:157)
[        ] 	at org.gradle.internal.operations.DefaultBuildOperationRunner.execute(DefaultBuildOperationRunner.java:59)
[        ] 	at org.gradle.internal.operations.DefaultBuildOperationRunner.run(DefaultBuildOperationRunner.java:47)
[        ] 	at org.gradle.internal.operations.DefaultBuildOperationExecutor.run(DefaultBuildOperationExecutor.java:68)
[        ] 	at org.gradle.configuration.BuildOperationScriptPlugin.lambda$apply$0(BuildOperationScriptPlugin.java:65)
[        ] 	at org.gradle.internal.code.DefaultUserCodeApplicationContext.apply(DefaultUserCodeApplicationContext.java:43)
[        ] 	at org.gradle.configuration.BuildOperationScriptPlugin.apply(BuildOperationScriptPlugin.java:65)
[        ] 	at org.gradle.api.internal.project.DefaultProjectStateRegistry$ProjectStateImpl.lambda$applyToMutableState$1(DefaultProjectStateRegistry.java:407)
[        ] 	at org.gradle.api.internal.project.DefaultProjectStateRegistry$ProjectStateImpl.fromMutableState(DefaultProjectStateRegistry.java:425)
[        ] 	at org.gradle.api.internal.project.DefaultProjectStateRegistry$ProjectStateImpl.applyToMutableState(DefaultProjectStateRegistry.java:406)
[        ] 	at org.gradle.configuration.project.BuildScriptProcessor.execute(BuildScriptProcessor.java:46)
[        ] 	at org.gradle.configuration.project.BuildScriptProcessor.execute(BuildScriptProcessor.java:27)
[        ] 	at org.gradle.configuration.project.ConfigureActionsProjectEvaluator.evaluate(ConfigureActionsProjectEvaluator.java:35)
[        ] 	at org.gradle.configuration.project.LifecycleProjectEvaluator$EvaluateProject.lambda$run$0(LifecycleProjectEvaluator.java:109)
[        ] 	at org.gradle.api.internal.project.DefaultProjectStateRegistry$ProjectStateImpl.lambda$applyToMutableState$1(DefaultProjectStateRegistry.java:407)
[        ] 	at org.gradle.api.internal.project.DefaultProjectStateRegistry$ProjectStateImpl.fromMutableState(DefaultProjectStateRegistry.java:425)
[        ] 	at org.gradle.api.internal.project.DefaultProjectStateRegistry$ProjectStateImpl.applyToMutableState(DefaultProjectStateRegistry.java:406)
[        ] 	at org.gradle.configuration.project.LifecycleProjectEvaluator$EvaluateProject.run(LifecycleProjectEvaluator.java:100)
[        ] 	at org.gradle.internal.operations.DefaultBuildOperationRunner$1.execute(DefaultBuildOperationRunner.java:29)
[        ] 	at org.gradle.internal.operations.DefaultBuildOperationRunner$1.execute(DefaultBuildOperationRunner.java:26)
[        ] 	at org.gradle.internal.operations.DefaultBuildOperationRunner$2.execute(DefaultBuildOperationRunner.java:66)
[        ] 	at org.gradle.internal.operations.DefaultBuildOperationRunner$2.execute(DefaultBuildOperationRunner.java:59)
[        ] 	at org.gradle.internal.operations.DefaultBuildOperationRunner.execute(DefaultBuildOperationRunner.java:157)
[        ] 	at org.gradle.internal.operations.DefaultBuildOperationRunner.execute(DefaultBuildOperationRunner.java:59)
[        ] 	at org.gradle.internal.operations.DefaultBuildOperationRunner.run(DefaultBuildOperationRunner.java:47)
[        ] 	at org.gradle.internal.operations.DefaultBuildOperationExecutor.run(DefaultBuildOperationExecutor.java:68)
[        ] 	at org.gradle.configuration.project.LifecycleProjectEvaluator.evaluate(LifecycleProjectEvaluator.java:72)
[        ] 	at org.gradle.api.internal.project.DefaultProject.evaluate(DefaultProject.java:785)
[        ] 	at org.gradle.api.internal.project.DefaultProject.evaluate(DefaultProject.java:155)
[        ] 	at org.gradle.api.internal.project.ProjectLifecycleController.lambda$ensureSelfConfigured$2(ProjectLifecycleController.java:84)
[        ] 	at org.gradle.internal.model.StateTransitionController.lambda$doTransition$14(StateTransitionController.java:255)
[        ] 	at org.gradle.internal.model.StateTransitionController.doTransition(StateTransitionController.java:266)
[        ] 	at org.gradle.internal.model.StateTransitionController.doTransition(StateTransitionController.java:254)
[        ] 	at org.gradle.internal.model.StateTransitionController.lambda$maybeTransitionIfNotCurrentlyTransitioning$10(StateTransitionController.java:199)
[        ] 	at org.gradle.internal.work.DefaultSynchronizer.withLock(DefaultSynchronizer.java:34)
[        ] 	at org.gradle.internal.model.StateTransitionController.maybeTransitionIfNotCurrentlyTransitioning(StateTransitionController.java:195)
[        ] 	at org.gradle.api.internal.project.ProjectLifecycleController.ensureSelfConfigured(ProjectLifecycleController.java:84)
[        ] 	at org.gradle.api.internal.project.DefaultProjectStateRegistry$ProjectStateImpl.ensureConfigured(DefaultProjectStateRegistry.java:381)
[        ] 	at org.gradle.api.internal.project.DefaultProject.evaluationDependsOn(DefaultProject.java:863)
[        ] 	at org.gradle.api.internal.project.DefaultProject.evaluationDependsOn(DefaultProject.java:855)
[        ] 	at org.gradle.api.Project$evaluationDependsOn.call(Unknown Source)
[        ] 	at org.codehaus.groovy.runtime.callsite.CallSiteArray.defaultCall(CallSiteArray.java:47)
[        ] 	at org.codehaus.groovy.runtime.callsite.AbstractCallSite.call(AbstractCallSite.java:125)
[        ] 	at org.codehaus.groovy.runtime.callsite.AbstractCallSite.call(AbstractCallSite.java:139)
[        ] 	at build_9iysa54bjefr3mfu2ne046hkd$_run_closure3.doCall$original(/home/runner/work/saikumarEduTech/saikumarEduTech/android/build.gradle:16)
[        ] 	at build_9iysa54bjefr3mfu2ne046hkd$_run_closure3.doCall(/home/runner/work/saikumarEduTech/saikumarEduTech/android/build.gradle)
[        ] 	at java.base/jdk.internal.reflect.NativeMethodAccessorImpl.invoke0(Native Method)
[        ] 	at java.base/jdk.internal.reflect.NativeMethodAccessorImpl.invoke(NativeMethodAccessorImpl.java:77)
[        ] 	at java.base/jdk.internal.reflect.DelegatingMethodAccessorImpl.invoke(DelegatingMethodAccessorImpl.java:43)
[        ] 	at java.base/java.lang.reflect.Method.invoke(Method.java:569)
[        ] 	at org.codehaus.groovy.reflection.CachedMethod.invoke(CachedMethod.java:107)
[        ] 	at groovy.lang.MetaMethod.doMethodInvoke(MetaMethod.java:323)
[        ] 	at org.codehaus.groovy.runtime.metaclass.ClosureMetaClass.invokeMethod(ClosureMetaClass.java:274)
[        ] 	at groovy.lang.MetaClassImpl.invokeMethod(MetaClassImpl.java:1035)
[        ] 	at groovy.lang.Closure.call(Closure.java:412)
[        ] 	at groovy.lang.Closure.call(Closure.java:428)
[        ] 	at org.gradle.util.internal.ClosureBackedAction.execute(ClosureBackedAction.java:73)
[        ] 	at org.gradle.util.internal.ConfigureUtil.configureTarget(ConfigureUtil.java:155)
[        ] 	at org.gradle.util.internal.ConfigureUtil.configure(ConfigureUtil.java:106)
[        ] 	at org.gradle.util.internal.ConfigureUtil$WrappedConfigureAction.execute(ConfigureUtil.java:167)
[        ] 	at org.gradle.api.internal.DefaultMutationGuard$1.execute(DefaultMutationGuard.java:45)
[        ] 	at org.gradle.internal.Actions.with(Actions.java:206)
[        ] 	at org.gradle.api.internal.project.BuildOperationCrossProjectConfigurator$1.run(BuildOperationCrossProjectConfigurator.java:69)
[        ] 	at org.gradle.internal.operations.DefaultBuildOperationRunner$1.execute(DefaultBuildOperationRunner.java:29)
[        ] 	at org.gradle.internal.operations.DefaultBuildOperationRunner$1.execute(DefaultBuildOperationRunner.java:26)
[        ] 	at org.gradle.internal.operations.DefaultBuildOperationRunner$2.execute(DefaultBuildOperationRunner.java:66)
[        ] 	at org.gradle.internal.operations.DefaultBuildOperationRunner$2.execute(DefaultBuildOperationRunner.java:59)
[        ] 	at org.gradle.internal.operations.DefaultBuildOperationRunner.execute(DefaultBuildOperationRunner.java:157)
[        ] 	at org.gradle.internal.operations.DefaultBuildOperationRunner.execute(DefaultBuildOperationRunner.java:59)
[        ] 	at org.gradle.internal.operations.DefaultBuildOperationRunner.run(DefaultBuildOperationRunner.java:47)
[        ] 	at org.gradle.internal.operations.DefaultBuildOperationExecutor.run(DefaultBuildOperationExecutor.java:68)
[        ] 	at org.gradle.api.internal.project.BuildOperationCrossProjectConfigurator.lambda$runProjectConfigureAction$0(BuildOperationCrossProjectConfigurator.java:66)
[        ] 	at org.gradle.api.internal.project.DefaultProjectStateRegistry$ProjectStateImpl.lambda$applyToMutableState$1(DefaultProjectStateRegistry.java:407)
[        ] 	at org.gradle.api.internal.project.DefaultProjectStateRegistry$ProjectStateImpl.fromMutableState(DefaultProjectStateRegistry.java:425)
[        ] 	at org.gradle.api.internal.project.DefaultProjectStateRegistry$ProjectStateImpl.applyToMutableState(DefaultProjectStateRegistry.java:406)
[        ] 	at org.gradle.api.internal.project.BuildOperationCrossProjectConfigurator.runProjectConfigureAction(BuildOperationCrossProjectConfigurator.java:66)
[        ] 	at org.gradle.api.internal.project.BuildOperationCrossProjectConfigurator.access$100(BuildOperationCrossProjectConfigurator.java:32)
[        ] 	at org.gradle.api.internal.project.BuildOperationCrossProjectConfigurator$BlockConfigureBuildOperation.run(BuildOperationCrossProjectConfigurator.java:111)
[        ] 	at org.gradle.internal.operations.DefaultBuildOperationRunner$1.execute(DefaultBuildOperationRunner.java:29)
[        ] 	at org.gradle.internal.operations.DefaultBuildOperationRunner$1.execute(DefaultBuildOperationRunner.java:26)
[        ] 	at org.gradle.internal.operations.DefaultBuildOperationRunner$2.execute(DefaultBuildOperationRunner.java:66)
[        ] 	at org.gradle.internal.operations.DefaultBuildOperationRunner$2.execute(DefaultBuildOperationRunner.java:59)
[        ] 	at org.gradle.internal.operations.DefaultBuildOperationRunner.execute(DefaultBuildOperationRunner.java:157)
[        ] 	at org.gradle.internal.operations.DefaultBuildOperationRunner.execute(DefaultBuildOperationRunner.java:59)
[        ] 	at org.gradle.internal.operations.DefaultBuildOperationRunner.run(DefaultBuildOperationRunner.java:47)
[        ] 	at org.gradle.internal.operations.DefaultBuildOperationExecutor.run(DefaultBuildOperationExecutor.java:68)
[        ] 	at org.gradle.api.internal.project.BuildOperationCrossProjectConfigurator.runBlockConfigureAction(BuildOperationCrossProjectConfigurator.java:62)
[        ] 	at org.gradle.api.internal.project.BuildOperationCrossProjectConfigurator.subprojects(BuildOperationCrossProjectConfigurator.java:48)
[        ] 	at org.gradle.api.internal.project.DefaultProject.subprojects(DefaultProject.java:751)
[        ] 	at org.gradle.api.internal.project.DefaultProject.subprojects(DefaultProject.java:741)
[        ] 	at java.base/jdk.internal.reflect.NativeMethodAccessorImpl.invoke0(Native Method)
[        ] 	at java.base/jdk.internal.reflect.NativeMethodAccessorImpl.invoke(NativeMethodAccessorImpl.java:77)
[        ] 	at java.base/jdk.internal.reflect.DelegatingMethodAccessorImpl.invoke(DelegatingMethodAccessorImpl.java:43)
[        ] 	at java.base/java.lang.reflect.Method.invoke(Method.java:569)
[        ] 	at org.codehaus.groovy.reflection.CachedMethod.invoke(CachedMethod.java:107)
[        ] 	at groovy.lang.MetaMethod.doMethodInvoke(MetaMethod.java:323)
[        ] 	at org.gradle.internal.metaobject.BeanDynamicObject$MetaClassAdapter.invokeMethod(BeanDynamicObject.java:541)
[        ] 	at org.gradle.internal.metaobject.BeanDynamicObject.tryInvokeMethod(BeanDynamicObject.java:218)
[        ] 	at org.gradle.internal.metaobject.CompositeDynamicObject.tryInvokeMethod(CompositeDynamicObject.java:99)
[        ] 	at org.gradle.internal.extensibility.MixInClosurePropertiesAsMethodsDynamicObject.tryInvokeMethod(MixInClosurePropertiesAsMethodsDynamicObject.java:38)
[        ] 	at org.gradle.groovy.scripts.BasicScript$ScriptDynamicObject.tryInvokeMethod(BasicScript.java:138)
[        ] 	at org.gradle.internal.metaobject.AbstractDynamicObject.invokeMethod(AbstractDynamicObject.java:163)
[        ] 	at org.gradle.api.internal.project.DefaultDynamicLookupRoutine.invokeMethod(DefaultDynamicLookupRoutine.java:58)
[        ] 	at org.gradle.groovy.scripts.BasicScript.invokeMethod(BasicScript.java:87)
[        ] 	at org.codehaus.groovy.runtime.callsite.PogoMetaClassSite.callCurrent(PogoMetaClassSite.java:68)
[        ] 	at org.codehaus.groovy.runtime.callsite.CallSiteArray.defaultCallCurrent(CallSiteArray.java:51)
[        ] 	at org.codehaus.groovy.runtime.callsite.AbstractCallSite.callCurrent(AbstractCallSite.java:171)
[        ] 	at org.codehaus.groovy.runtime.callsite.AbstractCallSite.callCurrent(AbstractCallSite.java:185)
[        ] 	at build_9iysa54bjefr3mfu2ne046hkd.run(/home/runner/work/saikumarEduTech/saikumarEduTech/android/build.gradle:15)
[        ] 	at org.gradle.groovy.scripts.internal.DefaultScriptRunnerFactory$ScriptRunnerImpl.run(DefaultScriptRunnerFactory.java:91)
[        ] 	at org.gradle.configuration.DefaultScriptPluginFactory$ScriptPluginImpl.lambda$apply$0(DefaultScriptPluginFactory.java:137)
[        ] 	at org.gradle.configuration.ProjectScriptTarget.addConfiguration(ProjectScriptTarget.java:79)
[        ] 	at org.gradle.configuration.DefaultScriptPluginFactory$ScriptPluginImpl.apply(DefaultScriptPluginFactory.java:140)
[        ] 	at org.gradle.configuration.BuildOperationScriptPlugin$1.run(BuildOperationScriptPlugin.java:68)
[        ] 	at org.gradle.internal.operations.DefaultBuildOperationRunner$1.execute(DefaultBuildOperationRunner.java:29)
[        ] 	at org.gradle.internal.operations.DefaultBuildOperationRunner$1.execute(DefaultBuildOperationRunner.java:26)
[        ] 	at org.gradle.internal.operations.DefaultBuildOperationRunner$2.execute(DefaultBuildOperationRunner.java:66)
[        ] 	at org.gradle.internal.operations.DefaultBuildOperationRunner$2.execute(DefaultBuildOperationRunner.java:59)
[        ] 	at org.gradle.internal.operations.DefaultBuildOperationRunner.execute(DefaultBuildOperationRunner.java:157)
[        ] 	at org.gradle.internal.operations.DefaultBuildOperationRunner.execute(DefaultBuildOperationRunner.java:59)
[        ] 	at org.gradle.internal.operations.DefaultBuildOperationRunner.run(DefaultBuildOperationRunner.java:47)
[        ] 	at org.gradle.internal.operations.DefaultBuildOperationExecutor.run(DefaultBuildOperationExecutor.java:68)
[        ] 	at org.gradle.configuration.BuildOperationScriptPlugin.lambda$apply$0(BuildOperationScriptPlugin.java:65)
[        ] 	at org.gradle.internal.code.DefaultUserCodeApplicationContext.apply(DefaultUserCodeApplicationContext.java:43)
[        ] 	at org.gradle.configuration.BuildOperationScriptPlugin.apply(BuildOperationScriptPlugin.java:65)
[        ] 	at org.gradle.api.internal.project.DefaultProjectStateRegistry$ProjectStateImpl.lambda$applyToMutableState$1(DefaultProjectStateRegistry.java:407)
[        ] 	at org.gradle.api.internal.project.DefaultProjectStateRegistry$ProjectStateImpl.fromMutableState(DefaultProjectStateRegistry.java:425)
[        ] 	at org.gradle.api.internal.project.DefaultProjectStateRegistry$ProjectStateImpl.applyToMutableState(DefaultProjectStateRegistry.java:406)
[        ] 	at org.gradle.configuration.project.BuildScriptProcessor.execute(BuildScriptProcessor.java:46)
[        ] 	at org.gradle.configuration.project.BuildScriptProcessor.execute(BuildScriptProcessor.java:27)
[        ] 	at org.gradle.configuration.project.ConfigureActionsProjectEvaluator.evaluate(ConfigureActionsProjectEvaluator.java:35)
[        ] 	at org.gradle.configuration.project.LifecycleProjectEvaluator$EvaluateProject.lambda$run$0(LifecycleProjectEvaluator.java:109)
[        ] 	at org.gradle.api.internal.project.DefaultProjectStateRegistry$ProjectStateImpl.lambda$applyToMutableState$1(DefaultProjectStateRegistry.java:407)
[        ] 	at org.gradle.api.internal.project.DefaultProjectStateRegistry$ProjectStateImpl.lambda$fromMutableState$2(DefaultProjectStateRegistry.java:430)
[        ] 	at org.gradle.internal.work.DefaultWorkerLeaseService.withReplacedLocks(DefaultWorkerLeaseService.java:360)
[        ] 	at org.gradle.api.internal.project.DefaultProjectStateRegistry$ProjectStateImpl.fromMutableState(DefaultProjectStateRegistry.java:430)
[        ] 	at org.gradle.api.internal.project.DefaultProjectStateRegistry$ProjectStateImpl.applyToMutableState(DefaultProjectStateRegistry.java:406)
[        ] 	at org.gradle.configuration.project.LifecycleProjectEvaluator$EvaluateProject.run(LifecycleProjectEvaluator.java:100)
[        ] 	at org.gradle.internal.operations.DefaultBuildOperationRunner$1.execute(DefaultBuildOperationRunner.java:29)
[        ] 	at org.gradle.internal.operations.DefaultBuildOperationRunner$1.execute(DefaultBuildOperationRunner.java:26)
[        ] 	at org.gradle.internal.operations.DefaultBuildOperationRunner$2.execute(DefaultBuildOperationRunner.java:66)
[        ] 	at org.gradle.internal.operations.DefaultBuildOperationRunner$2.execute(DefaultBuildOperationRunner.java:59)
[        ] 	at org.gradle.internal.operations.DefaultBuildOperationRunner.execute(DefaultBuildOperationRunner.java:157)
[        ] 	at org.gradle.internal.operations.DefaultBuildOperationRunner.execute(DefaultBuildOperationRunner.java:59)
[        ] 	at org.gradle.internal.operations.DefaultBuildOperationRunner.run(DefaultBuildOperationRunner.java:47)
[        ] 	at org.gradle.internal.operations.DefaultBuildOperationExecutor.run(DefaultBuildOperationExecutor.java:68)
[        ] 	at org.gradle.configuration.project.LifecycleProjectEvaluator.evaluate(LifecycleProjectEvaluator.java:72)
[        ] 	at org.gradle.api.internal.project.DefaultProject.evaluate(DefaultProject.java:785)
[        ] 	at org.gradle.api.internal.project.DefaultProject.evaluate(DefaultProject.java:155)
[        ] 	at org.gradle.api.internal.project.ProjectLifecycleController.lambda$ensureSelfConfigured$2(ProjectLifecycleController.java:84)
[        ] 	at org.gradle.internal.model.StateTransitionController.lambda$doTransition$14(StateTransitionController.java:255)
[        ] 	at org.gradle.internal.model.StateTransitionController.doTransition(StateTransitionController.java:266)
[        ] 	at org.gradle.internal.model.StateTransitionController.doTransition(StateTransitionController.java:254)
[        ] 	at org.gradle.internal.model.StateTransitionController.lambda$maybeTransitionIfNotCurrentlyTransitioning$10(StateTransitionController.java:199)
[        ] 	at org.gradle.internal.work.DefaultSynchronizer.withLock(DefaultSynchronizer.java:34)
[        ] 	at org.gradle.internal.model.StateTransitionController.maybeTransitionIfNotCurrentlyTransitioning(StateTransitionController.java:195)
[        ] 	at org.gradle.api.internal.project.ProjectLifecycleController.ensureSelfConfigured(ProjectLifecycleController.java:84)
[        ] 	at org.gradle.api.internal.project.DefaultProjectStateRegistry$ProjectStateImpl.ensureConfigured(DefaultProjectStateRegistry.java:381)
[        ] 	at org.gradle.execution.TaskPathProjectEvaluator.configure(TaskPathProjectEvaluator.java:34)
[        ] 	at org.gradle.execution.TaskPathProjectEvaluator.configureHierarchy(TaskPathProjectEvaluator.java:48)
[        ] 	at org.gradle.configuration.DefaultProjectsPreparer.prepareProjects(DefaultProjectsPreparer.java:42)
[        ] 	at org.gradle.configuration.BuildTreePreparingProjectsPreparer.prepareProjects(BuildTreePreparingProjectsPreparer.java:65)
[        ] 	at org.gradle.configuration.BuildOperationFiringProjectsPreparer$ConfigureBuild.run(BuildOperationFiringProjectsPreparer.java:52)
[        ] 	at org.gradle.internal.operations.DefaultBuildOperationRunner$1.execute(DefaultBuildOperationRunner.java:29)
[        ] 	at org.gradle.internal.operations.DefaultBuildOperationRunner$1.execute(DefaultBuildOperationRunner.java:26)
[        ] 	at org.gradle.internal.operations.DefaultBuildOperationRunner$2.execute(DefaultBuildOperationRunner.java:66)
[        ] 	at org.gradle.internal.operations.DefaultBuildOperationRunner$2.execute(DefaultBuildOperationRunner.java:59)
[        ] 	at org.gradle.internal.operations.DefaultBuildOperationRunner.execute(DefaultBuildOperationRunner.java:157)
[        ] 	at org.gradle.internal.operations.DefaultBuildOperationRunner.execute(DefaultBuildOperationRunner.java:59)
[        ] 	at org.gradle.internal.operations.DefaultBuildOperationRunner.run(DefaultBuildOperationRunner.java:47)
[        ] 	at org.gradle.internal.operations.DefaultBuildOperationExecutor.run(DefaultBuildOperationExecutor.java:68)
[        ] 	at org.gradle.configuration.BuildOperationFiringProjectsPreparer.prepareProjects(BuildOperationFiringProjectsPreparer.java:40)
[        ] 	at org.gradle.initialization.VintageBuildModelController.lambda$prepareProjects$2(VintageBuildModelController.java:84)
[        ] 	at org.gradle.internal.model.StateTransitionController.lambda$doTransition$14(StateTransitionController.java:255)
[        ] 	at org.gradle.internal.model.StateTransitionController.doTransition(StateTransitionController.java:266)
[        ] 	at org.gradle.internal.model.StateTransitionController.doTransition(StateTransitionController.java:254)
[        ] 	at org.gradle.internal.model.StateTransitionController.lambda$transitionIfNotPreviously$11(StateTransitionController.java:213)
[        ] 	at org.gradle.internal.work.DefaultSynchronizer.withLock(DefaultSynchronizer.java:34)
[        ] 	at org.gradle.internal.model.StateTransitionController.transitionIfNotPreviously(StateTransitionController.java:209)
[        ] 	at org.gradle.initialization.VintageBuildModelController.prepareProjects(VintageBuildModelController.java:84)
[        ] 	at org.gradle.initialization.VintageBuildModelController.prepareToScheduleTasks(VintageBuildModelController.java:71)
[        ] 	at org.gradle.internal.build.DefaultBuildLifecycleController.lambda$prepareToScheduleTasks$6(DefaultBuildLifecycleController.java:175)
[        ] 	at org.gradle.internal.model.StateTransitionController.lambda$doTransition$14(StateTransitionController.java:255)
[        ] 	at org.gradle.internal.model.StateTransitionController.doTransition(StateTransitionController.java:266)
[        ] 	at org.gradle.internal.model.StateTransitionController.doTransition(StateTransitionController.java:254)
[        ] 	at org.gradle.internal.model.StateTransitionController.lambda$maybeTransition$9(StateTransitionController.java:190)
[        ] 	at org.gradle.internal.work.DefaultSynchronizer.withLock(DefaultSynchronizer.java:34)
[        ] 	at org.gradle.internal.model.StateTransitionController.maybeTransition(StateTransitionController.java:186)
[        ] 	at org.gradle.internal.build.DefaultBuildLifecycleController.prepareToScheduleTasks(DefaultBuildLifecycleController.java:173)
[        ] 	at org.gradle.internal.buildtree.DefaultBuildTreeWorkPreparer.scheduleRequestedTasks(DefaultBuildTreeWorkPreparer.java:36)
[        ] 	at org.gradle.configurationcache.VintageBuildTreeWorkController$scheduleAndRunRequestedTasks$1.apply(VintageBuildTreeWorkController.kt:36)
[        ] 	at org.gradle.configurationcache.VintageBuildTreeWorkController$scheduleAndRunRequestedTasks$1.apply(VintageBuildTreeWorkController.kt:35)
[        ] 	at org.gradle.composite.internal.DefaultIncludedBuildTaskGraph.withNewWorkGraph(DefaultIncludedBuildTaskGraph.java:112)
[        ] 	at org.gradle.configurationcache.VintageBuildTreeWorkController.scheduleAndRunRequestedTasks(VintageBuildTreeWorkController.kt:35)
[        ] 	at org.gradle.internal.buildtree.DefaultBuildTreeLifecycleController.lambda$scheduleAndRunTasks$1(DefaultBuildTreeLifecycleController.java:77)
[        ] 	at org.gradle.internal.buildtree.DefaultBuildTreeLifecycleController.lambda$runBuild$4(DefaultBuildTreeLifecycleController.java:120)
[        ] 	at org.gradle.internal.model.StateTransitionController.lambda$transition$6(StateTransitionController.java:169)
[        ] 	at org.gradle.internal.model.StateTransitionController.doTransition(StateTransitionController.java:266)
[        ] 	at org.gradle.internal.model.StateTransitionController.lambda$transition$7(StateTransitionController.java:169)
[        ] 	at org.gradle.internal.work.DefaultSynchronizer.withLock(DefaultSynchronizer.java:44)
[        ] 	at org.gradle.internal.model.StateTransitionController.transition(StateTransitionController.java:169)
[        ] 	at org.gradle.internal.buildtree.DefaultBuildTreeLifecycleController.runBuild(DefaultBuildTreeLifecycleController.java:117)
[        ] 	at org.gradle.internal.buildtree.DefaultBuildTreeLifecycleController.scheduleAndRunTasks(DefaultBuildTreeLifecycleController.java:77)
[        ] 	at org.gradle.internal.buildtree.DefaultBuildTreeLifecycleController.scheduleAndRunTasks(DefaultBuildTreeLifecycleController.java:72)
[        ] 	at org.gradle.tooling.internal.provider.ExecuteBuildActionRunner.run(ExecuteBuildActionRunner.java:31)
[        ] 	at org.gradle.launcher.exec.ChainingBuildActionRunner.run(ChainingBuildActionRunner.java:35)
[        ] 	at org.gradle.internal.buildtree.ProblemReportingBuildActionRunner.run(ProblemReportingBuildActionRunner.java:49)
[   +1 ms] 	at org.gradle.launcher.exec.BuildOutcomeReportingBuildActionRunner.run(BuildOutcomeReportingBuildActionRunner.java:65)
[        ] 	at org.gradle.tooling.internal.provider.FileSystemWatchingBuildActionRunner.run(FileSystemWatchingBuildActionRunner.java:140)
[        ] 	at org.gradle.launcher.exec.BuildCompletionNotifyingBuildActionRunner.run(BuildCompletionNotifyingBuildActionRunner.java:41)
[        ] 	at org.gradle.launcher.exec.RootBuildLifecycleBuildActionExecutor.lambda$execute$0(RootBuildLifecycleBuildActionExecutor.java:40)
[        ] 	at org.gradle.composite.internal.DefaultRootBuildState.run(DefaultRootBuildState.java:123)
[        ] 	at org.gradle.launcher.exec.RootBuildLifecycleBuildActionExecutor.execute(RootBuildLifecycleBuildActionExecutor.java:40)
[        ] 	at org.gradle.internal.buildtree.InitDeprecationLoggingActionExecutor.execute(InitDeprecationLoggingActionExecutor.java:66)
[        ] 	at org.gradle.internal.buildtree.InitProblems.execute(InitProblems.java:36)
[   +2 ms] 	at org.gradle.internal.buildtree.DefaultBuildTreeContext.execute(DefaultBuildTreeContext.java:40)
[        ] 	at org.gradle.launcher.exec.BuildTreeLifecycleBuildActionExecutor.lambda$execute$0(BuildTreeLifecycleBuildActionExecutor.java:71)
[        ] 	at org.gradle.internal.buildtree.BuildTreeState.run(BuildTreeState.java:60)
[        ] 	at org.gradle.launcher.exec.BuildTreeLifecycleBuildActionExecutor.execute(BuildTreeLifecycleBuildActionExecutor.java:71)
[        ] 	at org.gradle.launcher.exec.RunAsBuildOperationBuildActionExecutor$3.call(RunAsBuildOperationBuildActionExecutor.java:61)
[        ] 	at org.gradle.launcher.exec.RunAsBuildOperationBuildActionExecutor$3.call(RunAsBuildOperationBuildActionExecutor.java:57)
[        ] 	at org.gradle.internal.operations.DefaultBuildOperationRunner$CallableBuildOperationWorker.execute(DefaultBuildOperationRunner.java:200)
[        ] 	at org.gradle.internal.operations.DefaultBuildOperationRunner$CallableBuildOperationWorker.execute(DefaultBuildOperationRunner.java:195)
[        ] 	at org.gradle.internal.operations.DefaultBuildOperationRunner$2.execute(DefaultBuildOperationRunner.java:66)
[        ] 	at org.gradle.internal.operations.DefaultBuildOperationRunner$2.execute(DefaultBuildOperationRunner.java:59)
[        ] 	at org.gradle.internal.operations.DefaultBuildOperationRunner.execute(DefaultBuildOperationRunner.java:157)
[        ] 	at org.gradle.internal.operations.DefaultBuildOperationRunner.execute(DefaultBuildOperationRunner.java:59)
[        ] 	at org.gradle.internal.operations.DefaultBuildOperationRunner.call(DefaultBuildOperationRunner.java:53)
[        ] 	at org.gradle.internal.operations.DefaultBuildOperationExecutor.call(DefaultBuildOperationExecutor.java:73)
[        ] 	at org.gradle.launcher.exec.RunAsBuildOperationBuildActionExecutor.execute(RunAsBuildOperationBuildActionExecutor.java:57)
[        ] 	at org.gradle.launcher.exec.RunAsWorkerThreadBuildActionExecutor.lambda$execute$0(RunAsWorkerThreadBuildActionExecutor.java:36)
[        ] 	at org.gradle.internal.work.DefaultWorkerLeaseService.withLocks(DefaultWorkerLeaseService.java:264)
[        ] 	at org.gradle.internal.work.DefaultWorkerLeaseService.runAsWorkerThread(DefaultWorkerLeaseService.java:128)
[        ] 	at org.gradle.launcher.exec.RunAsWorkerThreadBuildActionExecutor.execute(RunAsWorkerThreadBuildActionExecutor.java:36)
[   +1 ms] 	at org.gradle.tooling.internal.provider.continuous.ContinuousBuildActionExecutor.execute(ContinuousBuildActionExecutor.java:110)
[        ] 	at org.gradle.tooling.internal.provider.SubscribableBuildActionExecutor.execute(SubscribableBuildActionExecutor.java:64)
[        ] 	at org.gradle.internal.session.DefaultBuildSessionContext.execute(DefaultBuildSessionContext.java:46)
[        ] 	at org.gradle.tooling.internal.provider.BuildSessionLifecycleBuildActionExecuter$ActionImpl.apply(BuildSessionLifecycleBuildActionExecuter.java:92)
[        ] 	at org.gradle.tooling.internal.provider.BuildSessionLifecycleBuildActionExecuter$ActionImpl.apply(BuildSessionLifecycleBuildActionExecuter.java:80)
[        ] 	at org.gradle.internal.session.BuildSessionState.run(BuildSessionState.java:71)
[        ] 	at org.gradle.tooling.internal.provider.BuildSessionLifecycleBuildActionExecuter.execute(BuildSessionLifecycleBuildActionExecuter.java:62)
[        ] 	at org.gradle.tooling.internal.provider.BuildSessionLifecycleBuildActionExecuter.execute(BuildSessionLifecycleBuildActionExecuter.java:41)
[        ] 	at org.gradle.tooling.internal.provider.StartParamsValidatingActionExecuter.execute(StartParamsValidatingActionExecuter.java:64)
[        ] 	at org.gradle.tooling.internal.provider.StartParamsValidatingActionExecuter.execute(StartParamsValidatingActionExecuter.java:32)
[        ] 	at org.gradle.tooling.internal.provider.SessionFailureReportingActionExecuter.execute(SessionFailureReportingActionExecuter.java:51)
[        ] 	at org.gradle.tooling.internal.provider.SessionFailureReportingActionExecuter.execute(SessionFailureReportingActionExecuter.java:39)
[        ] 	at org.gradle.tooling.internal.provider.SetupLoggingActionExecuter.execute(SetupLoggingActionExecuter.java:47)
[        ] 	at org.gradle.tooling.internal.provider.SetupLoggingActionExecuter.execute(SetupLoggingActionExecuter.java:31)
[        ] 	at org.gradle.launcher.daemon.server.exec.ExecuteBuild.doBuild(ExecuteBuild.java:65)
[        ] 	at org.gradle.launcher.daemon.server.exec.BuildCommandOnly.execute(BuildCommandOnly.java:37)
[        ] 	at org.gradle.launcher.daemon.server.api.DaemonCommandExecution.proceed(DaemonCommandExecution.java:104)
[        ] 	at org.gradle.launcher.daemon.server.exec.WatchForDisconnection.execute(WatchForDisconnection.java:39)
[        ] 	at org.gradle.launcher.daemon.server.api.DaemonCommandExecution.proceed(DaemonCommandExecution.java:104)
[        ] 	at org.gradle.launcher.daemon.server.exec.ResetDeprecationLogger.execute(ResetDeprecationLogger.java:29)
[        ] 	at org.gradle.launcher.daemon.server.api.DaemonCommandExecution.proceed(DaemonCommandExecution.java:104)
[        ] 	at org.gradle.launcher.daemon.server.exec.RequestStopIfSingleUsedDaemon.execute(RequestStopIfSingleUsedDaemon.java:35)
[        ] 	at org.gradle.launcher.daemon.server.api.DaemonCommandExecution.proceed(DaemonCommandExecution.java:104)
[        ] 	at org.gradle.launcher.daemon.server.exec.ForwardClientInput$2.create(ForwardClientInput.java:78)
[        ] 	at org.gradle.launcher.daemon.server.exec.ForwardClientInput$2.create(ForwardClientInput.java:75)
[        ] 	at org.gradle.util.internal.Swapper.swap(Swapper.java:38)
[        ] 	at org.gradle.launcher.daemon.server.exec.ForwardClientInput.execute(ForwardClientInput.java:75)
[        ] 	at org.gradle.launcher.daemon.server.api.DaemonCommandExecution.proceed(DaemonCommandExecution.java:104)
[        ] 	at org.gradle.launcher.daemon.server.exec.LogAndCheckHealth.execute(LogAndCheckHealth.java:64)
[        ] 	at org.gradle.launcher.daemon.server.api.DaemonCommandExecution.proceed(DaemonCommandExecution.java:104)
[        ] 	at org.gradle.launcher.daemon.server.exec.LogToClient.doBuild(LogToClient.java:63)
[        ] 	at org.gradle.launcher.daemon.server.exec.BuildCommandOnly.execute(BuildCommandOnly.java:37)
[        ] 	at org.gradle.launcher.daemon.server.api.DaemonCommandExecution.proceed(DaemonCommandExecution.java:104)
[        ] 	at org.gradle.launcher.daemon.server.exec.EstablishBuildEnvironment.doBuild(EstablishBuildEnvironment.java:84)
[        ] 	at org.gradle.launcher.daemon.server.exec.BuildCommandOnly.execute(BuildCommandOnly.java:37)
[        ] 	at org.gradle.launcher.daemon.server.api.DaemonCommandExecution.proceed(DaemonCommandExecution.java:104)
[        ] 	at org.gradle.launcher.daemon.server.exec.StartBuildOrRespondWithBusy$1.run(StartBuildOrRespondWithBusy.java:52)
[        ] 	at org.gradle.launcher.daemon.server.DaemonStateCoordinator$1.run(DaemonStateCoordinator.java:297)
[        ] 	at org.gradle.internal.concurrent.ExecutorPolicy$CatchAndRecordFailures.onExecute(ExecutorPolicy.java:64)
[        ] 	at org.gradle.internal.concurrent.AbstractManagedExecutor$1.run(AbstractManagedExecutor.java:47)
[        ] 	at java.base/java.util.concurrent.ThreadPoolExecutor.runWorker(ThreadPoolExecutor.java:1136)
[        ] 	at java.base/java.util.concurrent.ThreadPoolExecutor$Worker.run(ThreadPoolExecutor.java:635)
[        ] 	at java.base/java.lang.Thread.run(Thread.java:840)
[        ] Caused by: org.gradle.api.internal.plugins.PluginApplicationException: Failed to apply plugin 'dev.flutter.flutter-gradle-plugin'.
[        ] 	at org.gradle.api.internal.plugins.DefaultPluginManager.doApply(DefaultPluginManager.java:176)
[        ] 	at org.gradle.api.internal.plugins.DefaultPluginManager.apply(DefaultPluginManager.java:139)
[        ] 	at org.gradle.plugin.use.resolve.internal.ClassPathPluginResolution.applyTo(ClassPathPluginResolution.java:50)
[        ] 	at org.gradle.plugin.use.internal.DefaultPluginRequestApplicator$ApplyAction.apply(DefaultPluginRequestApplicator.java:156)
[        ] 	... 286 more
[        ] Caused by: org.gradle.internal.operations.BuildOperationInvocationException: Error: Your project's Gradle version (8.7.0) is lower than Flutter's minimum supported version of 8.14.0. Please upgrade your Gradle version. 
[        ] Alternatively, use the flag "--android-skip-build-dependency-validation" to bypass this check.
[        ] Potential fix: Your project's gradle version is typically defined in the gradle wrapper file. By default, this can be found at /home/runner/work/saikumarEduTech/saikumarEduTech/android/gradle/wrapper/gradle-wrapper.properties. 
[        ] For more information, see https://docs.gradle.org/current/userguide/gradle_wrapper.html.
[        ] 	at org.gradle.internal.operations.DefaultBuildOperationRunner.throwAsBuildOperationInvocationException(DefaultBuildOperationRunner.java:188)
[        ] 	at org.gradle.internal.operations.DefaultBuildOperationRunner.access$100(DefaultBuildOperationRunner.java:24)
[        ] 	at org.gradle.internal.operations.DefaultBuildOperationRunner$2.execute(DefaultBuildOperationRunner.java:75)
[        ] 	at org.gradle.internal.operations.DefaultBuildOperationRunner$2.execute(DefaultBuildOperationRunner.java:59)
[        ] 	at org.gradle.internal.operations.DefaultBuildOperationRunner.execute(DefaultBuildOperationRunner.java:157)
[        ] 	at org.gradle.internal.operations.DefaultBuildOperationRunner.execute(DefaultBuildOperationRunner.java:59)
[        ] 	at org.gradle.internal.operations.DefaultBuildOperationRunner.run(DefaultBuildOperationRunner.java:47)
[        ] 	at org.gradle.internal.operations.DefaultBuildOperationExecutor.run(DefaultBuildOperationExecutor.java:68)
[        ] 	at org.gradle.api.internal.plugins.DefaultPluginManager.lambda$doApply$0(DefaultPluginManager.java:170)
[        ] 	at org.gradle.internal.code.DefaultUserCodeApplicationContext.apply(DefaultUserCodeApplicationContext.java:43)
[        ] 	at org.gradle.api.internal.plugins.DefaultPluginManager.doApply(DefaultPluginManager.java:169)
[        ] 	... 289 more
[        ] Caused by: com.flutter.gradle.DependencyValidationException: Error: Your project's Gradle version (8.7.0) is lower than Flutter's minimum supported version of 8.14.0. Please upgrade your Gradle version. 
[        ] Alternatively, use the flag "--android-skip-build-dependency-validation" to bypass this check.
[        ] Potential fix: Your project's gradle version is typically defined in the gradle wrapper file. By default, this can be found at /home/runner/work/saikumarEduTech/saikumarEduTech/android/gradle/wrapper/gradle-wrapper.properties. 
[        ] For more information, see https://docs.gradle.org/current/userguide/gradle_wrapper.html.
[        ] 	at com.flutter.gradle.DependencyVersionChecker.checkGradleVersion$gradle(DependencyVersionChecker.kt:230)
[        ] 	at com.flutter.gradle.DependencyVersionChecker.checkDependencyVersions(DependencyVersionChecker.kt:127)
[        ] 	at com.flutter.gradle.FlutterPlugin.apply(FlutterPlugin.kt:176)
[        ] 	at com.flutter.gradle.FlutterPlugin.apply(FlutterPlugin.kt:36)
[        ] 	at org.gradle.api.internal.plugins.ImperativeOnlyPluginTarget.applyImperative(ImperativeOnlyPluginTarget.java:43)
[        ] 	at org.gradle.api.internal.plugins.RuleBasedPluginTarget.applyImperative(RuleBasedPluginTarget.java:51)
[        ] 	at org.gradle.api.internal.plugins.DefaultPluginManager.addPlugin(DefaultPluginManager.java:190)
[        ] 	at org.gradle.api.internal.plugins.DefaultPluginManager.access$100(DefaultPluginManager.java:54)
[        ] 	at org.gradle.api.internal.plugins.DefaultPluginManager$AddPluginBuildOperation.run(DefaultPluginManager.java:285)
[        ] 	at org.gradle.internal.operations.DefaultBuildOperationRunner$1.execute(DefaultBuildOperationRunner.java:29)
[        ] 	at org.gradle.internal.operations.DefaultBuildOperationRunner$1.execute(DefaultBuildOperationRunner.java:26)
[        ] 	at org.gradle.internal.operations.DefaultBuildOperationRunner$2.execute(DefaultBuildOperationRunner.java:66)
[        ] 	... 297 more
[        ] BUILD FAILED in 1m 25s
[   +1 ms] 4 actionable tasks: 4 executed
[ +422 ms] Running Gradle task 'assembleRelease'... (completed in 86.7s)
[   +3 ms] 
           ┌─ Flutter Fix ────────────────────────────────────────────────────────────────────────┐
           │ [!] Starting AGP 9+, only the new DSL interface will be read.                        │
           │ This results in a build failure when applying the Flutter Gradle plugin at           │
           │ /home/runner/work/saikumarEduTech/saikumarEduTech/android/app/build.gradle.          │
           │                                                                                      │
           │ To resolve this update flutter or opt out of `android.newDsl`.                       │
           │ For instructions on how to opt out, see:                                             │
           │ https://developer.android.com/build/releases/agp-9-0-0-release-notes                 │
           │                                                                                      │
           │ If you are not upgrading to AGP 9+, run `flutter analyze --suggestions` to check for │
           │ incompatible dependencies.                                                           │
           └──────────────────────────────────────────────────────────────────────────────────────┘

[   +2 ms] executing: /opt/hostedtoolcache/Java_Temurin-Hotspot_jdk/17.0.20-8/x64/bin/java --version
[  +39 ms] Exit code 0 from: /opt/hostedtoolcache/Java_Temurin-Hotspot_jdk/17.0.20-8/x64/bin/java --version
[        ] openjdk 17.0.20 2026-07-21
           OpenJDK Runtime Environment Temurin-17.0.20+8 (build 17.0.20+8)
           OpenJDK 64-Bit Server VM Temurin-17.0.20+8 (build 17.0.20+8, mixed mode, sharing)
[   +4 ms] "flutter apk" took 87,181ms.
[   +3 ms] Gradle task assembleRelease failed with exit code 1
[        ] 
           #0      throwToolExit (package:flutter_tools/src/base/common.dart:34:3)
           #1      AndroidGradleBuilder.buildGradleApp (package:flutter_tools/src/android/gradle.dart:653:7)
           <asynchronous suspension>
           #2      AndroidGradleBuilder.buildApk (package:flutter_tools/src/android/gradle.dart:246:5)
           <asynchronous suspension>
           #3      BuildApkCommand.runCommand (package:flutter_tools/src/commands/build_apk.dart:132:5)
           <asynchronous suspension>
           #4      FlutterCommand.run.<anonymous closure> (package:flutter_tools/src/runner/flutter_command.dart:1663:27)
           <asynchronous suspension>
           #5      AppContext.run.<anonymous closure> (package:flutter_tools/src/base/context.dart:154:19)
           <asynchronous suspension>
           #6      CommandRunner.runCommand (package:args/command_runner.dart:212:13)
           <asynchronous suspension>
           #7      FlutterCommandRunner.runCommand.<anonymous closure> (package:flutter_tools/src/runner/flutter_command_runner.dart:496:9)
           <asynchronous suspension>
           #8      AppContext.run.<anonymous closure> (package:flutter_tools/src/base/context.dart:154:19)
           <asynchronous suspension>
           #9      FlutterCommandRunner.runCommand (package:flutter_tools/src/runner/flutter_command_runner.dart:431:5)
           <asynchronous suspension>
           #10     FlutterCommandRunner.run.<anonymous closure> (package:flutter_tools/src/runner/flutter_command_runner.dart:307:33)
           <asynchronous suspension>
           #11     run.<anonymous closure>.<anonymous closure> (package:flutter_tools/runner.dart:104:11)
           <asynchronous suspension>
           #12     AppContext.run.<anonymous closure> (package:flutter_tools/src/base/context.dart:154:19)
           <asynchronous suspension>
           #13     main (package:flutter_tools/executable.dart:103:3)
           <asynchronous suspension>


[        ] Running 1 shutdown hook
[        ] Shutdown hooks complete
[   +1 ms] exiting with code 1
